-- MySQL dump 10.13  Distrib 5.1.41, for debian-linux-gnu (x86_64)
--
-- Host: localhost    Database: travelblog
-- ------------------------------------------------------
-- Server version	5.1.41-3ubuntu12.6

/*!40101 SET @OLD_CHARACTER_SET_CLIENT=@@CHARACTER_SET_CLIENT */;
/*!40101 SET @OLD_CHARACTER_SET_RESULTS=@@CHARACTER_SET_RESULTS */;
/*!40101 SET @OLD_COLLATION_CONNECTION=@@COLLATION_CONNECTION */;
/*!40101 SET NAMES utf8 */;
/*!40103 SET @OLD_TIME_ZONE=@@TIME_ZONE */;
/*!40103 SET TIME_ZONE='+00:00' */;
/*!40014 SET @OLD_UNIQUE_CHECKS=@@UNIQUE_CHECKS, UNIQUE_CHECKS=0 */;
/*!40014 SET @OLD_FOREIGN_KEY_CHECKS=@@FOREIGN_KEY_CHECKS, FOREIGN_KEY_CHECKS=0 */;
/*!40101 SET @OLD_SQL_MODE=@@SQL_MODE, SQL_MODE='NO_AUTO_VALUE_ON_ZERO' */;
/*!40111 SET @OLD_SQL_NOTES=@@SQL_NOTES, SQL_NOTES=0 */;

--
-- Table structure for table `journey`
--

DROP TABLE IF EXISTS `journey`;
/*!40101 SET @saved_cs_client     = @@character_set_client */;
/*!40101 SET character_set_client = utf8 */;
CREATE TABLE `journey` (
  `id` bigint(20) NOT NULL AUTO_INCREMENT,
  `date` datetime NOT NULL,
  `description` varchar(255) NOT NULL,
  `max_speed` float(5,2) DEFAULT NULL,
  `distance` decimal(5,2) DEFAULT NULL,
  `time` bigint(20) DEFAULT NULL,
  `comment` varchar(255) DEFAULT NULL,
  `stage_id` bigint(20) NOT NULL,
  PRIMARY KEY (`id`),
  KEY `stage_id_idx` (`stage_id`),
  CONSTRAINT `journey_stage_id_stage_id` FOREIGN KEY (`stage_id`) REFERENCES `stage` (`id`)
) ENGINE=InnoDB AUTO_INCREMENT=59 DEFAULT CHARSET=latin1;
/*!40101 SET character_set_client = @saved_cs_client */;

--
-- Dumping data for table `journey`
--

LOCK TABLES `journey` WRITE;
/*!40000 ALTER TABLE `journey` DISABLE KEYS */;
INSERT INTO `journey` VALUES (1,'2010-09-07 00:00:00','Weymouth to  Bristol City Center',45.10,'66.00',269,'',1),(2,'2010-09-08 00:00:00','Bristol - Wocester',NULL,'63.00',246,'',1),(3,'2010-09-09 00:00:00','Wocester to Manchester',31.50,'114.00',532,'',1),(4,'2010-09-10 00:00:00','Manchester - Silverdale',27.50,'74.28',329,'',1),(5,'2010-09-11 00:00:00','Silverdale - Wastwater (Skafell Pikel)',36.60,'55.96',305,'Wet  but good campsite at bottom of tallest peak in England',1),(6,'2010-09-12 00:00:00','Wastwater - Cockermouth via. Black Fell Pass',30.40,'27.19',207,'Path through mountains was not meant for bike .. hauled bike over mountain pass, took three hours.',1),(7,'2010-09-13 00:00:00','Cockermouth - Carlise - Hawes (Yorkshire Dales)',47.10,'90.27',435,'Great riding through the Dales even in the pissing rain, stayed in Hawes where bar stuff where very hospitable, giving me a room for £10',1),(8,'2010-09-14 00:00:00','Hawes - Ripon - Leeds - Sheffield  - Belper (miles short of Derby)',37.70,'136.16',615,'Longest ride so far',1),(9,'2010-09-15 00:00:00','Derby - Tamworth, train to Glocester, Glocester - Bristol, train to weymouth',30.30,'77.40',377,'Had to be back in Weymouth for depature to St. Malo with Dad next day.',1),(10,'2010-09-16 00:00:00','Weymouth - St.Malo via. Jurnsey',23.60,'18.47',131,'Most of miles here done on the island of Jeurnsey whilst waiting for Ferry.',2),(11,'2010-09-17 00:00:00','St. Malo - Renees',29.60,'63.84',349,'',2),(12,'2010-09-18 00:00:00','Renne - 8k North of Geur',29.50,'50.67',278,'',2),(13,'2010-09-19 00:00:00','Guer - St. Nazarine',34.10,'64.24',335,'',2),(14,'2010-09-20 00:00:00','St. Nazzarine - St. Jean de Mat',NULL,'56.95',300,'',2),(15,'2010-09-21 00:00:00','St Jean de Mat - Trantes-der-mer',22.20,'59.79',311,'',2),(16,'2010-09-22 00:00:00','Trantes-der-mer - Rochfort',21.40,'74.02',416,'',2),(17,'2010-09-23 00:00:00','Rochfort - Blaye',34.90,'74.53',381,'',2),(18,'2010-09-24 00:00:00','Blaye - Somewhere in Nat. Park Northwest of Bordeux',28.90,'70.35',342,'',2),(19,'2010-09-25 00:00:00','Somewhere - Leon',24.10,'67.71',313,'',2),(20,'2010-09-26 00:00:00','Leon - Birratiz',NULL,'38.00',205,'Estimates as CP data lost',2),(21,'2010-09-28 00:00:00','Biarritz - Azkoitia (Spain)',32.40,'70.51',411,'',2),(22,'2010-09-29 00:00:00','Azkotitia - Castro-Uridiales',33.50,'81.14',477,'',2),(23,'2010-09-30 00:00:00','Castro-Uridiales - Santander',31.70,'53.16',291,'End of Stage 2',2),(24,'2010-10-01 00:00:00','Santander - Muskiz, nr. Bilbio',40.10,'82.77',412,'',3),(25,'2010-10-02 00:00:00','Muskiz - Artega (North Coast)',NULL,'58.52',313,'Frustrated getting through Bilbio, didnt make good time',3),(26,'2010-10-03 00:00:00','Artega - Hendaye (France)',37.20,'83.06',428,'Good riding day, good route, severe wind, no open campsites.',3),(27,'2010-10-04 00:00:00','Hendaye -Ascarat (Pyrenees)',37.50,'61.84',367,'',3),(28,'2010-10-05 00:00:00','Ascarat - La pierre Saint Martin',35.80,'52.50',408,'Cols are hell',3),(29,'2010-10-06 00:00:00','col de la pierre st martin - laruns',40.60,'49.53',287,'easy',3),(30,'2010-10-07 00:00:00','Larruns - Luz-Saint-Sauver',35.40,'44.65',280,'col d\'abisque , col de soulor',3),(31,'2010-10-08 00:00:00','Luz-Saint-Saveur - Arreau',42.20,'49.05',316,'Tormalet + Aspin',3),(32,'2010-10-09 00:00:00','Arreau - Lagrave',37.00,'45.26',288,'Climbed Col de Peyresourde and Port de Bains',3),(33,'2010-10-11 00:00:00','Lagrave - Sieux',35.60,'77.76',475,'Damp day, 3 cols, Col de Binente, Col d\'Aspen and Col de la Core. Wet but not too wet, got lost but not too lost.',3),(34,'2010-10-12 00:00:00','Sieux - Ax-les-Thermes',33.50,'56.83',334,'Col d\'Agnes and Col Pont le Lers (?). Again wet, and cold on the descents.',3),(35,'2010-10-13 00:00:00','Ax-les-Thermes - Prades',33.70,'66.12',409,'2001m Col followed by some minors, spent most of day at 1500m before descending from Mont-Louis for ~1.5hrs to here.',3),(36,'2010-10-14 00:00:00','Prades - Saint Marie sur le mer',33.20,'41.22',173,'Short ride to exit the Pyrenees, went as fast as possible from Prades to Perpignon - Tme: 1:25, Dst: 27.04, Av: 18.9 Mx:',3),(37,'2010-10-16 00:00:00','Saint-Marie sur mer - Adjes',NULL,'81.14',391,'Riding against wind for first part to Narbonne, faster pace for remainder',3),(38,'2010-10-17 00:00:00','Cod d\'Adge - Nime',27.00,'75.30',393,'via. Montpellier, and arrived amid the aftermath of the Marathon, of which I was unaware.',3),(39,'2010-10-19 00:00:00','Nimes - Marsaille',41.50,'89.65',387,'Strong wind behind me, effortless ride most of the way.',3),(40,'2010-10-20 00:00:00','Marsailles - Cassis',43.60,'12.08',53,'Ran in Marsailles for 3hrs 48min',3),(41,'2010-10-22 00:00:00','Cassis - Le Lavandou',37.30,'67.62',338,'Illegal to die here',3),(42,'2010-10-24 00:00:00','Le Lavendou -  Villeneuve Laurant',27.60,'96.71',470,'',3),(43,'2010-10-27 00:00:00','Villeneuve Laubert - Sospel',27.70,'49.43',283,'Back in the mountains. Col de Castillion (~705m)',4),(44,'2010-10-28 00:00:00','Sospel - Saint Martin Vésubie',32.30,'36.22',262,'Col de Turini',4),(45,'2010-10-29 00:00:00','St-Martin Vesubie - Valberg (Ski Station)',34.30,'37.67',283,'2 cols: Col de la croix de Valberg 1700m (inc. Col de la Couollole) and Col de Saint Martin. Exhausting.',4),(46,'2010-10-30 00:00:00','Valberg- Barcellonnete',35.80,'49.13',271,'Snow. Truly beutifull going up the highest pass to date, Col de Cayolle (2326m)',4),(47,'2010-10-31 00:00:00','Barcelonnette - Briancon',33.10,'57.30',325,'Col de vars (2111m). Tough descent from the col in the rain and snow. Rain constant theme of the day.',4),(48,'2010-11-01 00:00:00','Briancon - Grenoble',39.30,'71.05',304,'Snowy at the top of \"Col de Lauteret\" (2011m), great downhill run for ~50 miles through Bourg de Osains to Grenoble. All Saints day (jour toutsaintes), so most shops closed.',4),(49,'2010-11-03 00:00:00','Grenoble - St Jean Maurienne',38.00,'64.58',394,'Col de la croix de fer (2068m)',4),(50,'2010-11-04 00:00:00','St-Jean-de-Maurienne - Bourg-St-Maurice',35.00,'70.00',330,'Estimates as data lost, flat and easy day. Weather fine.',4),(51,'2010-11-05 00:00:00','St-Jean-de-maurienne - Notre Dame de Bellecombe',36.30,'45.25',326,'Col de Saises (1650m) and Comet de roseland (1968m)',4),(52,'2010-11-06 00:00:00','Notre Dame de Bellecombe - Cluses',40.30,'54.60',314,'Col des Aravis (1486m), Col de Columbière (1613m)',4),(53,'2010-11-07 00:00:00','Cluses - Thonon-les-bains',28.90,'38.24',202,'Last col, Col des Gets (1170m). Another cold and wet journey to end the stage',4),(54,'2010-11-11 00:00:00','Circuit du roc d\'enfer',37.10,'64.82',286,'Actually deviated from route by accident and came back via. col de gets after Col de la Ramaz (1559m). Very white and snowy there, and I was ill-prepared for the cold descent, was glad to see a lower altitude!',5),(55,'2010-11-14 00:00:00','Circuit of lac leman / lake geneva',30.40,'108.51',406,'Nice flat circuit, passed through Geneva, Laussane and Montreaux.',5),(56,'2010-11-17 00:00:00','Circuit de Gavot',36.90,'22.56',88,'Short ride, 990m altitude, nice views.',5),(57,'2010-11-18 00:00:00','Attempted Circuit de Mnt Hermoine',32.90,'25.12',108,'Took wrong turning, and was getting dark when I eventually corrected myself so, ahem, I turned back',5),(58,'2010-11-20 00:00:00','Thonon-les-bains - Marcellaz',27.30,'33.78',176,'Became very cold with wind-chill on the flat, if slightly undulating, ride to Annemasse, where i had a coffee then turned and eventually found my way to Marcellaz, where I am working on a Farm for the next week before leaving for Paris.',5);
/*!40000 ALTER TABLE `journey` ENABLE KEYS */;
UNLOCK TABLES;

--
-- Table structure for table `media_item`
--

DROP TABLE IF EXISTS `media_item`;
/*!40101 SET @saved_cs_client     = @@character_set_client */;
/*!40101 SET character_set_client = utf8 */;
CREATE TABLE `media_item` (
  `id` bigint(20) NOT NULL AUTO_INCREMENT,
  `date` datetime NOT NULL,
  `type` varchar(5) NOT NULL,
  `path` varchar(255) NOT NULL,
  `journey_id` bigint(20) DEFAULT NULL,
  `title` varchar(255) DEFAULT NULL,
  `thumb_path` varchar(255) DEFAULT NULL,
  PRIMARY KEY (`id`),
  KEY `journey_id_idx` (`journey_id`),
  CONSTRAINT `media_item_journey_id_journey_id` FOREIGN KEY (`journey_id`) REFERENCES `journey` (`id`)
) ENGINE=InnoDB AUTO_INCREMENT=844 DEFAULT CHARSET=latin1;
/*!40101 SET character_set_client = @saved_cs_client */;

--
-- Dumping data for table `media_item`
--

LOCK TABLES `media_item` WRITE;
/*!40000 ALTER TABLE `media_item` DISABLE KEYS */;
INSERT INTO `media_item` VALUES (1,'2010-10-04 14:16:08','jpg','/srv/www/travelblog/web/media/IMG20101004_032.jpg',27,NULL,'/srv/www/travelblog/web/thumbs/9213e0d239017f650480463bec81a3bd.jpg'),(2,'2010-09-24 19:29:02','jpg','/srv/www/travelblog/web/media/IMG20100924_015.jpg',18,NULL,'/srv/www/travelblog/web/thumbs/7854a1c073e64ca3f99dd5dd073781ed.jpg'),(3,'2010-09-12 09:45:04','jpg','/srv/www/travelblog/web/media/IMG20100912_008.jpg',6,NULL,'/srv/www/travelblog/web/thumbs/a63d2f4b2bfcbbc728fc5642ac68d64f.jpg'),(4,'2010-10-01 16:50:24','jpg','/srv/www/travelblog/web/media/IMG20101001_012.jpg',24,NULL,'/srv/www/travelblog/web/thumbs/b3005c5b0c8164d74c0c04ddf861f107.jpg'),(5,'2010-09-09 20:12:44','jpg','/srv/www/travelblog/web/media/IMG20100909_005.jpg',3,NULL,'/srv/www/travelblog/web/thumbs/7deeda3ee05c2767104330e30afa68d9.jpg'),(6,'2010-09-29 08:45:20','jpg','/srv/www/travelblog/web/media/IMG20100929_008.jpg',22,NULL,'/srv/www/travelblog/web/thumbs/c6a0536ccfdf0499ce58ef585acdd1cc.jpg'),(7,'2010-09-09 18:20:52','jpg','/srv/www/travelblog/web/media/IMG20100909_002.jpg',3,NULL,'/srv/www/travelblog/web/thumbs/456023a32536baec48233637433d8043.jpg'),(8,'2010-10-03 12:54:36','jpg','/srv/www/travelblog/web/media/IMG20101003_009.jpg',26,NULL,'/srv/www/travelblog/web/thumbs/1cb48fd72e3fb83c6a49228e5b376a04.jpg'),(9,'2010-10-01 15:08:46','jpg','/srv/www/travelblog/web/media/IMG20101001_005.jpg',24,NULL,'/srv/www/travelblog/web/thumbs/c7a36068cc5f4be8f5a5ccff546de986.jpg'),(10,'2010-09-11 16:11:54','jpg','/srv/www/travelblog/web/media/IMG20100911_004.jpg',5,NULL,'/srv/www/travelblog/web/thumbs/dac15f82abfa0a172608e765430fa576.jpg'),(11,'2010-09-18 16:38:34','jpg','/srv/www/travelblog/web/media/IMG20100918_004.jpg',12,NULL,'/srv/www/travelblog/web/thumbs/0c6ee080b2d1189a1464022e1b7cb9a7.jpg'),(12,'2010-10-05 12:15:46','jpg','/srv/www/travelblog/web/media/IMG20101005_017.jpg',28,NULL,'/srv/www/travelblog/web/thumbs/99294acd5b1d7c89a26b0660dbf1f863.jpg'),(13,'2010-10-03 15:52:24','jpg','/srv/www/travelblog/web/media/IMG20101003_033.jpg',26,NULL,'/srv/www/travelblog/web/thumbs/57322fe06e4ca8d115e8414b3337584c.jpg'),(14,'2010-09-20 09:36:36','jpg','/srv/www/travelblog/web/media/IMG20100920_002.jpg',14,NULL,'/srv/www/travelblog/web/thumbs/7519d47248b44632735f2c349556a2ed.jpg'),(15,'2010-09-28 14:25:34','jpg','/srv/www/travelblog/web/media/IMG20100928_005.jpg',21,NULL,'/srv/www/travelblog/web/thumbs/91a336b75385df4ef7131857ca76c490.jpg'),(16,'2010-10-03 12:57:22','jpg','/srv/www/travelblog/web/media/IMG20101003_010.jpg',26,NULL,'/srv/www/travelblog/web/thumbs/b242921ec0d510d8775c9fcf60c52380.jpg'),(17,'2010-10-01 15:08:34','jpg','/srv/www/travelblog/web/media/IMG20101001_004.jpg',24,NULL,'/srv/www/travelblog/web/thumbs/4bee0843984eeed3418cc63c77019542.jpg'),(18,'2010-10-03 11:18:26','jpg','/srv/www/travelblog/web/media/IMG20101003_004.jpg',26,NULL,'/srv/www/travelblog/web/thumbs/a8c2098b011414fd2c81846ef3ea8ec9.jpg'),(19,'2010-09-17 13:45:40','jpg','/srv/www/travelblog/web/media/IMG20100917_006.jpg',11,NULL,'/srv/www/travelblog/web/thumbs/d5e8f505a7a758fa221c9570066e038a.jpg'),(20,'2010-09-12 14:11:30','jpg','/srv/www/travelblog/web/media/IMG20100912_025.jpg',6,NULL,'/srv/www/travelblog/web/thumbs/0e04db3c2ff92f3eba9c83d58722687d.jpg'),(21,'2010-09-12 14:32:30','jpg','/srv/www/travelblog/web/media/IMG20100912_028.jpg',6,NULL,'/srv/www/travelblog/web/thumbs/b87ec0d6b0f302718762889479ba6052.jpg'),(22,'2010-09-19 11:50:44','jpg','/srv/www/travelblog/web/media/IMG20100919_002.jpg',13,NULL,'/srv/www/travelblog/web/thumbs/721f47b9ecd65498b0bba02ebdc00e7e.jpg'),(23,'2010-09-29 14:54:36','jpg','/srv/www/travelblog/web/media/IMG20100929_016.jpg',22,NULL,'/srv/www/travelblog/web/thumbs/547d1af0fad3b13a09f0c35f9b56eb2b.jpg'),(24,'2010-09-12 14:09:18','jpg','/srv/www/travelblog/web/media/IMG20100912_024.jpg',6,NULL,'/srv/www/travelblog/web/thumbs/ad3f1bb4becdf326b3e9a941ebf8716d.jpg'),(25,'2010-09-11 19:01:08','jpg','/srv/www/travelblog/web/media/IMG20100911_013.jpg',5,NULL,'/srv/www/travelblog/web/thumbs/822c202929259749c5fe8f25c3e41252.jpg'),(26,'2010-10-05 10:10:02','jpg','/srv/www/travelblog/web/media/IMG20101005_005.jpg',28,NULL,'/srv/www/travelblog/web/thumbs/dd79429c2c59754e5b1b2ba7d9ccb45a.jpg'),(27,'2010-09-12 15:01:58','jpg','/srv/www/travelblog/web/media/IMG20100912_037.jpg',6,NULL,'/srv/www/travelblog/web/thumbs/d62cc7fe5099194204e29a6dbb2734ee.jpg'),(28,'2010-10-03 16:22:50','jpg','/srv/www/travelblog/web/media/IMG20101003_026.jpg',26,NULL,'/srv/www/travelblog/web/thumbs/e1922c5a294697876775b4f6d21cdaf4.jpg'),(29,'2010-09-30 08:28:46','jpg','/srv/www/travelblog/web/media/IMG20100930_006.jpg',23,NULL,'/srv/www/travelblog/web/thumbs/422753dcb703786acee68e985520f936.jpg'),(30,'2010-10-03 16:03:48','jpg','/srv/www/travelblog/web/media/IMG20101003_023.jpg',26,NULL,'/srv/www/travelblog/web/thumbs/760114bb33fc646c984ff0d68f83becc.jpg'),(31,'2010-09-29 07:31:10','jpg','/srv/www/travelblog/web/media/IMG20100929_002.jpg',22,NULL,'/srv/www/travelblog/web/thumbs/22572cfaf56abce9b5119ec7fc811318.jpg'),(32,'2010-10-04 17:34:30','jpg','/srv/www/travelblog/web/media/IMG20101004_039.jpg',27,NULL,'/srv/www/travelblog/web/thumbs/e6f7821eda97a11314675b117309b8b6.jpg'),(33,'2010-10-03 10:44:56','jpg','/srv/www/travelblog/web/media/IMG20101003_003.jpg',26,NULL,'/srv/www/travelblog/web/thumbs/604f97da8da697245bc079ee1bc18e77.jpg'),(34,'2010-09-12 09:18:44','jpg','/srv/www/travelblog/web/media/IMG20100912_004.jpg',6,NULL,'/srv/www/travelblog/web/thumbs/cee1a908f09fc41a2f2044d115cc2049.jpg'),(35,'2010-09-12 09:44:56','jpg','/srv/www/travelblog/web/media/IMG20100912_007.jpg',6,NULL,'/srv/www/travelblog/web/thumbs/265d0ea21700a3d30ddfec5de058ff0b.jpg'),(36,'2010-10-03 16:00:28','jpg','/srv/www/travelblog/web/media/IMG20101003_022.jpg',26,NULL,'/srv/www/travelblog/web/thumbs/32eb7be074e312b7df4f4d5df1ce7bb1.jpg'),(37,'2010-09-10 18:32:24','jpg','/srv/www/travelblog/web/media/IMG20100910_004.jpg',4,NULL,'/srv/www/travelblog/web/thumbs/0dd6226708037f22dcd4023e2b4ccbb9.jpg'),(38,'2010-09-12 10:51:52','jpg','/srv/www/travelblog/web/media/IMG20100912_018.jpg',6,NULL,'/srv/www/travelblog/web/thumbs/72a7ba384d0660aef9eaf0df335c6ccc.jpg'),(39,'2010-09-12 11:58:02','jpg','/srv/www/travelblog/web/media/IMG20100912_021.jpg',6,NULL,'/srv/www/travelblog/web/thumbs/1b7a11502f7ce3ef19de6568e2b8f438.jpg'),(40,'2010-10-04 06:45:36','jpg','/srv/www/travelblog/web/media/IMG20101004_001.jpg',27,NULL,'/srv/www/travelblog/web/thumbs/f3b1853e94d5861876e2e34d02177d16.jpg'),(41,'2010-10-05 14:49:58','jpg','/srv/www/travelblog/web/media/IMG20101005_028.jpg',28,NULL,'/srv/www/travelblog/web/thumbs/ad313fb019873e54e59cbebba8c67f49.jpg'),(42,'2010-09-22 13:13:54','jpg','/srv/www/travelblog/web/media/IMG20100922_001.jpg',16,NULL,'/srv/www/travelblog/web/thumbs/b4c7d2b7b0f959f854aee8f726d1d71f.jpg'),(43,'2010-10-09 14:50:50','jpg','/srv/www/travelblog/web/media/IMG20101009_007.jpg',32,NULL,'/srv/www/travelblog/web/thumbs/b6ae47511871fc0beb5b91304aa139f2.jpg'),(44,'2010-09-23 12:59:38','jpg','/srv/www/travelblog/web/media/IMG20100923_001.jpg',17,NULL,'/srv/www/travelblog/web/thumbs/60f574e11cee103667418a6b7ab307b8.jpg'),(45,'2010-10-03 12:50:32','jpg','/srv/www/travelblog/web/media/IMG20101003_008.jpg',26,NULL,'/srv/www/travelblog/web/thumbs/a7cce3c3582609273f593f980dc965d2.jpg'),(46,'2010-09-12 09:58:04','jpg','/srv/www/travelblog/web/media/IMG20100912_009.jpg',6,NULL,'/srv/www/travelblog/web/thumbs/d5ddf5228fc88a20013dff8a827a39f4.jpg'),(47,'2010-09-29 14:41:06','jpg','/srv/www/travelblog/web/media/IMG20100929_014.jpg',22,NULL,'/srv/www/travelblog/web/thumbs/b9d777dc9fe053462de841e3b50b07e3.jpg'),(48,'2010-10-05 18:31:38','jpg','/srv/www/travelblog/web/media/IMG20101005_042.jpg',28,NULL,'/srv/www/travelblog/web/thumbs/1ba17b9c31f832bf4361339635a05349.jpg'),(49,'2010-09-24 17:38:04','jpg','/srv/www/travelblog/web/media/IMG20100924_011.jpg',18,NULL,'/srv/www/travelblog/web/thumbs/6cafe91dbaca3109be0717ee51e6187b.jpg'),(50,'2010-10-01 15:12:22','jpg','/srv/www/travelblog/web/media/IMG20101001_008.jpg',24,NULL,'/srv/www/travelblog/web/thumbs/09d84961abc6e46e2beccdb08bc12a4c.jpg'),(51,'2010-10-09 11:36:42','jpg','/srv/www/travelblog/web/media/IMG20101009_002.jpg',32,NULL,'/srv/www/travelblog/web/thumbs/7a726ddac0d0b9dab2092961f3f979ae.jpg'),(52,'2010-09-04 14:12:46','jpg','/srv/www/travelblog/web/media/IMG20100904_004.jpg',NULL,NULL,'/srv/www/travelblog/web/thumbs/da133f3688a4fe5ae00d4aaf97217150.jpg'),(53,'2010-10-05 11:40:20','jpg','/srv/www/travelblog/web/media/IMG20101005_010.jpg',28,NULL,'/srv/www/travelblog/web/thumbs/c66459c55db84c2769520c7ea3f71dcb.jpg'),(54,'2010-10-05 18:03:40','jpg','/srv/www/travelblog/web/media/IMG20101005_041.jpg',28,NULL,'/srv/www/travelblog/web/thumbs/df9d8313b46800d7d98ed9a6e7b0035a.jpg'),(55,'2010-09-29 07:10:18','jpg','/srv/www/travelblog/web/media/IMG20100929_001.jpg',22,NULL,'/srv/www/travelblog/web/thumbs/a8c03052bccd19112817f687c6666d21.jpg'),(56,'2010-10-03 16:41:06','jpg','/srv/www/travelblog/web/media/IMG20101003_030.jpg',26,NULL,'/srv/www/travelblog/web/thumbs/97e7f04971295170ca48991b392155b7.jpg'),(57,'2010-09-12 10:01:20','jpg','/srv/www/travelblog/web/media/IMG20100912_011.jpg',6,NULL,'/srv/www/travelblog/web/thumbs/70f70983dc15129f9f5563b08432c582.jpg'),(58,'2010-09-09 18:21:00','jpg','/srv/www/travelblog/web/media/IMG20100909_003.jpg',3,NULL,'/srv/www/travelblog/web/thumbs/1339f84b5430a61a272798a3492009b8.jpg'),(59,'2010-10-03 15:06:12','jpg','/srv/www/travelblog/web/media/IMG20101003_019.jpg',26,NULL,'/srv/www/travelblog/web/thumbs/8c7e5dd0167eab163a4a079db30e4b91.jpg'),(60,'2010-09-04 14:14:06','jpg','/srv/www/travelblog/web/media/IMG20100904_005.jpg',NULL,NULL,'/srv/www/travelblog/web/thumbs/9b09892cce7684bdf38b022c81c95565.jpg'),(61,'2010-10-05 11:40:06','jpg','/srv/www/travelblog/web/media/IMG20101005_009.jpg',28,NULL,'/srv/www/travelblog/web/thumbs/c7f618954a04afa35df1bc736caad3b3.jpg'),(62,'2010-09-28 16:12:58','jpg','/srv/www/travelblog/web/media/IMG20100928_007.jpg',21,NULL,'/srv/www/travelblog/web/thumbs/680adb203ab882f3c5dee3a74ad1715d.jpg'),(63,'2010-09-30 14:55:00','jpg','/srv/www/travelblog/web/media/IMG20100930_009.jpg',23,NULL,'/srv/www/travelblog/web/thumbs/a8255c72ac28bb8acfdaf8aa8e179a23.jpg'),(64,'2010-09-28 13:50:52','jpg','/srv/www/travelblog/web/media/IMG20100928_003.jpg',21,NULL,'/srv/www/travelblog/web/thumbs/36bf016e202a53964a91e73d7102f8ef.jpg'),(65,'2010-09-12 10:01:26','jpg','/srv/www/travelblog/web/media/IMG20100912_012.jpg',6,NULL,'/srv/www/travelblog/web/thumbs/58b6909f67a5b847345dbee3d70062e4.jpg'),(66,'2010-09-12 14:09:08','jpg','/srv/www/travelblog/web/media/IMG20100912_023.jpg',6,NULL,'/srv/www/travelblog/web/thumbs/fb817baa47cda8825df68b67a5293d62.jpg'),(67,'2010-09-12 15:07:46','jpg','/srv/www/travelblog/web/media/IMG20100912_030.jpg',6,NULL,'/srv/www/travelblog/web/thumbs/abeeddaaf98899e5a889cf0efd483a8f.jpg'),(68,'2010-09-29 14:56:20','jpg','/srv/www/travelblog/web/media/IMG20100929_017.jpg',22,NULL,'/srv/www/travelblog/web/thumbs/617757f8c9c7f7253a02b502c5c93836.jpg'),(69,'2010-10-05 13:47:20','jpg','/srv/www/travelblog/web/media/IMG20101005_027.jpg',28,NULL,'/srv/www/travelblog/web/thumbs/e51942b5a7dd6ba7d80e9da065cdc1e0.jpg'),(70,'2010-09-11 13:51:40','jpg','/srv/www/travelblog/web/media/IMG20100911_002.jpg',5,NULL,'/srv/www/travelblog/web/thumbs/072cfd2a58dd38f38b29ceefeb103743.jpg'),(71,'2010-10-03 16:22:34','jpg','/srv/www/travelblog/web/media/IMG20101003_025.jpg',26,NULL,'/srv/www/travelblog/web/thumbs/1aaf8de32d1df8e493bef3a59cd5868d.jpg'),(72,'2010-09-11 19:01:18','jpg','/srv/www/travelblog/web/media/IMG20100911_014.jpg',5,NULL,'/srv/www/travelblog/web/thumbs/bc24e30beb3abf1988a6a8ccda873d4f.jpg'),(73,'2010-09-17 13:47:44','jpg','/srv/www/travelblog/web/media/IMG20100917_007.jpg',11,NULL,'/srv/www/travelblog/web/thumbs/1ba518ac23f105d4c598617c70ed4155.jpg'),(74,'2010-09-19 16:07:58','jpg','/srv/www/travelblog/web/media/IMG20100919_007.jpg',13,NULL,'/srv/www/travelblog/web/thumbs/e8fafc110161192f91f74b1dce6e8fe9.jpg'),(75,'2010-09-28 17:35:30','jpg','/srv/www/travelblog/web/media/IMG20100928_008.jpg',21,NULL,'/srv/www/travelblog/web/thumbs/4d2fe63a408b4d239b0dda9b898a4f1a.jpg'),(76,'2010-10-03 15:45:26','jpg','/srv/www/travelblog/web/media/IMG20101003_031.jpg',26,NULL,'/srv/www/travelblog/web/thumbs/95e6be3dbdd543e91c6787568b40408c.jpg'),(77,'2010-09-26 16:24:38','jpg','/srv/www/travelblog/web/media/IMG20100926_007.jpg',20,NULL,'/srv/www/travelblog/web/thumbs/5ad4e637154b958604027da92bba7c3b.jpg'),(78,'2010-09-18 16:38:22','jpg','/srv/www/travelblog/web/media/IMG20100918_002.jpg',12,NULL,'/srv/www/travelblog/web/thumbs/2a784c823752193e1b9de8b054dbd568.jpg'),(79,'2010-10-05 18:01:08','jpg','/srv/www/travelblog/web/media/IMG20101005_040.jpg',28,NULL,'/srv/www/travelblog/web/thumbs/87431826664e5e61336242bd6b0d0483.jpg'),(80,'2010-09-25 09:16:12','jpg','/srv/www/travelblog/web/media/IMG20100925_003.jpg',19,NULL,'/srv/www/travelblog/web/thumbs/89e44659431520b876e9693c3162633c.jpg'),(81,'2010-10-05 17:43:08','jpg','/srv/www/travelblog/web/media/IMG20101005_037.jpg',28,NULL,'/srv/www/travelblog/web/thumbs/d409edae392c880a87177f2093ef099e.jpg'),(82,'2010-09-29 08:09:12','jpg','/srv/www/travelblog/web/media/IMG20100929_003.jpg',22,NULL,'/srv/www/travelblog/web/thumbs/5ce97f7f4fb29b47443c0d4866111162.jpg'),(83,'2010-09-12 14:24:44','jpg','/srv/www/travelblog/web/media/IMG20100912_032.jpg',6,NULL,'/srv/www/travelblog/web/thumbs/ca9370d6087f336bbda993e2cd0ec98c.jpg'),(84,'2010-09-11 16:12:10','jpg','/srv/www/travelblog/web/media/IMG20100911_006.jpg',5,NULL,'/srv/www/travelblog/web/thumbs/99d6d4628714b947134136b83a78346f.jpg'),(85,'2010-09-12 16:13:20','jpg','/srv/www/travelblog/web/media/IMG20100912_040.jpg',6,NULL,'/srv/www/travelblog/web/thumbs/a3537ecea04a6832e636d148decdd17d.jpg'),(86,'2010-10-03 14:39:18','jpg','/srv/www/travelblog/web/media/IMG20101003_015.jpg',26,NULL,'/srv/www/travelblog/web/thumbs/fe0287f3931d2edac5315bff001a4bf4.jpg'),(87,'2010-09-30 06:56:38','jpg','/srv/www/travelblog/web/media/IMG20100930_002.jpg',23,NULL,'/srv/www/travelblog/web/thumbs/525ca645e5c457aaa8249eb8bcba9951.jpg'),(88,'2010-09-29 17:32:12','jpg','/srv/www/travelblog/web/media/IMG20100929_018.jpg',22,NULL,'/srv/www/travelblog/web/thumbs/c5a93505d9d82d905ddbdd4af99dfd19.jpg'),(89,'2010-09-17 09:18:10','jpg','/srv/www/travelblog/web/media/IMG20100917_001.jpg',11,NULL,'/srv/www/travelblog/web/thumbs/5c239761090f06f71c0386484b8c0943.jpg'),(90,'2010-10-05 16:23:36','jpg','/srv/www/travelblog/web/media/IMG20101005_033.jpg',28,NULL,'/srv/www/travelblog/web/thumbs/f7dbbeb7717f6388dce787993a58b0c2.jpg'),(91,'2010-10-05 12:01:32','jpg','/srv/www/travelblog/web/media/IMG20101005_014.jpg',28,NULL,'/srv/www/travelblog/web/thumbs/68b8904da0617801f9b63960ad4cae8d.jpg'),(92,'2010-10-01 18:40:16','jpg','/srv/www/travelblog/web/media/IMG20101001_017.jpg',24,NULL,'/srv/www/travelblog/web/thumbs/09f43d7181efdc02ac0f15297bce7357.jpg'),(93,'2010-09-29 14:41:20','jpg','/srv/www/travelblog/web/media/IMG20100929_015.jpg',22,NULL,'/srv/www/travelblog/web/thumbs/f63c1448e02bdb9352a87ad2b7c3f04b.jpg'),(94,'2010-09-26 15:51:06','jpg','/srv/www/travelblog/web/media/IMG20100926_002.jpg',20,NULL,'/srv/www/travelblog/web/thumbs/e6ef01b7c38f2e98828631c7155fa063.jpg'),(95,'2010-09-17 09:23:28','jpg','/srv/www/travelblog/web/media/IMG20100917_004.jpg',11,NULL,'/srv/www/travelblog/web/thumbs/4d93aa4c44bac514622a948de60d8000.jpg'),(96,'2010-10-01 16:54:14','jpg','/srv/www/travelblog/web/media/IMG20101001_013.jpg',24,NULL,'/srv/www/travelblog/web/thumbs/5e9ff853935591a8adc9b86b690cf5b2.jpg'),(97,'2010-10-09 13:29:42','jpg','/srv/www/travelblog/web/media/IMG20101009_003.jpg',32,NULL,'/srv/www/travelblog/web/thumbs/14381e624a596373dba4830e22cc995b.jpg'),(98,'2010-09-30 07:42:56','jpg','/srv/www/travelblog/web/media/IMG20100930_004.jpg',23,NULL,'/srv/www/travelblog/web/thumbs/d0b0b5e16480c791cdd6e2684159bc2c.jpg'),(99,'2010-09-19 18:47:36','jpg','/srv/www/travelblog/web/media/IMG20100919_009.jpg',13,NULL,'/srv/www/travelblog/web/thumbs/a0925a44139e809aa9d878af4ee9b5fd.jpg'),(100,'2010-09-04 15:10:56','jpg','/srv/www/travelblog/web/media/IMG20100904_002.jpg',NULL,NULL,'/srv/www/travelblog/web/thumbs/8a034891e8849af76727ce0a829fa3ca.jpg'),(101,'2010-09-29 08:09:24','jpg','/srv/www/travelblog/web/media/IMG20100929_004.jpg',22,NULL,'/srv/www/travelblog/web/thumbs/cbe31304081c1d6a8e4ad7df012289b9.jpg'),(102,'2010-09-12 10:03:56','jpg','/srv/www/travelblog/web/media/IMG20100912_015.jpg',6,NULL,'/srv/www/travelblog/web/thumbs/2ea722af6e56a4d9eb5de93887790525.jpg'),(103,'2010-09-24 10:47:16','jpg','/srv/www/travelblog/web/media/IMG20100924_001.jpg',18,NULL,'/srv/www/travelblog/web/thumbs/2fe1cf490fda719a793df4658961e859.jpg'),(104,'2010-09-30 10:31:50','jpg','/srv/www/travelblog/web/media/IMG20100930_007.jpg',23,NULL,'/srv/www/travelblog/web/thumbs/6dcca868a1ca42aa4e08e2b3aa58f512.jpg'),(105,'2010-09-26 15:56:08','jpg','/srv/www/travelblog/web/media/IMG20100926_005.jpg',20,NULL,'/srv/www/travelblog/web/thumbs/8b17df27a3d006b33922957a10ded964.jpg'),(106,'2010-09-12 14:24:28','jpg','/srv/www/travelblog/web/media/IMG20100912_031.jpg',6,NULL,'/srv/www/travelblog/web/thumbs/5dd09607f8bd630789783c5846326aec.jpg'),(107,'2010-09-11 17:07:16','jpg','/srv/www/travelblog/web/media/IMG20100911_010.jpg',5,NULL,'/srv/www/travelblog/web/thumbs/5c4f5e33c132098f9c85380192c02011.jpg'),(108,'2010-10-03 12:49:26','jpg','/srv/www/travelblog/web/media/IMG20101003_006.jpg',26,NULL,'/srv/www/travelblog/web/thumbs/78f2e707b34beb73bcd1e08d44b57aa0.jpg'),(109,'2010-10-05 16:03:34','jpg','/srv/www/travelblog/web/media/IMG20101005_032.jpg',28,NULL,'/srv/www/travelblog/web/thumbs/1ddb20ad34e1c05174e9cf3b4b2486fb.jpg'),(110,'2010-10-01 15:11:52','jpg','/srv/www/travelblog/web/media/IMG20101001_006.jpg',24,NULL,'/srv/www/travelblog/web/thumbs/c9042dc41b9748379c66eb8d234be390.jpg'),(111,'2010-10-03 14:53:46','jpg','/srv/www/travelblog/web/media/IMG20101003_018.jpg',26,NULL,'/srv/www/travelblog/web/thumbs/3e64ea87fafbdb5ae3a0eb9bf67e1a76.jpg'),(112,'2010-10-03 14:36:42','jpg','/srv/www/travelblog/web/media/IMG20101003_014.jpg',26,NULL,'/srv/www/travelblog/web/thumbs/baed66edc9117dda65491cae0a77f292.jpg'),(113,'2010-09-07 17:37:20','jpg','/srv/www/travelblog/web/media/IMG20100907_002.jpg',1,NULL,'/srv/www/travelblog/web/thumbs/1861be1d9a8ce186e97225f17ccbccd3.jpg'),(114,'2010-10-01 12:16:20','jpg','/srv/www/travelblog/web/media/IMG20101001_002.jpg',24,NULL,'/srv/www/travelblog/web/thumbs/ba05b5ef42a4c3a21a2bfee9f81558fc.jpg'),(115,'2010-10-05 16:53:18','jpg','/srv/www/travelblog/web/media/IMG20101005_034.jpg',28,NULL,'/srv/www/travelblog/web/thumbs/42079fc95724671f3de33b14a593d41e.jpg'),(116,'2010-09-19 18:47:44','jpg','/srv/www/travelblog/web/media/IMG20100919_010.jpg',13,NULL,'/srv/www/travelblog/web/thumbs/e64c11eb86c1b2d7bbe38fbdefd30045.jpg'),(117,'2010-09-19 11:50:36','jpg','/srv/www/travelblog/web/media/IMG20100919_001.jpg',13,NULL,'/srv/www/travelblog/web/thumbs/f2e67ab178d50d16a423c95b102d28c8.jpg'),(118,'2010-09-27 19:06:20','jpg','/srv/www/travelblog/web/media/IMG20100927_001.jpg',NULL,NULL,'/srv/www/travelblog/web/thumbs/b90320f6a0a5ea182842b4ee63a83927.jpg'),(119,'2010-09-30 10:32:22','jpg','/srv/www/travelblog/web/media/IMG20100930_008.jpg',23,NULL,'/srv/www/travelblog/web/thumbs/ade0442aabf97652f1d77bfed8835573.jpg'),(120,'2010-10-04 14:33:40','jpg','/srv/www/travelblog/web/media/IMG20101004_034.jpg',27,NULL,'/srv/www/travelblog/web/thumbs/fda63816afd7f592fd0c4c19ff9e16f4.jpg'),(121,'2010-10-04 21:05:04','jpg','/srv/www/travelblog/web/media/IMG20101004_025.jpg',27,NULL,'/srv/www/travelblog/web/thumbs/23a6ad043d6865c34b9890fbec7b56dc.jpg'),(122,'2010-10-03 14:40:26','jpg','/srv/www/travelblog/web/media/IMG20101003_017.jpg',26,NULL,'/srv/www/travelblog/web/thumbs/da5677ee05cac683330a89b21c3c5864.jpg'),(123,'2010-09-12 15:01:30','jpg','/srv/www/travelblog/web/media/IMG20100912_035.jpg',6,NULL,'/srv/www/travelblog/web/thumbs/91759d17ebc3ddf598dad77f499d290c.jpg'),(124,'2010-09-30 06:58:02','jpg','/srv/www/travelblog/web/media/IMG20100930_003.jpg',23,NULL,'/srv/www/travelblog/web/thumbs/193bd345b5095969ef14f1e75ca507e2.jpg'),(125,'2010-10-05 12:15:32','jpg','/srv/www/travelblog/web/media/IMG20101005_016.jpg',28,NULL,'/srv/www/travelblog/web/thumbs/2ab05a29e9094c3355bee942670a5a44.jpg'),(126,'2010-09-24 19:27:44','jpg','/srv/www/travelblog/web/media/IMG20100924_012.jpg',18,NULL,'/srv/www/travelblog/web/thumbs/7abec11959e5748247d1ffa1269cd871.jpg'),(127,'2010-10-04 14:00:38','jpg','/srv/www/travelblog/web/media/IMG20101004_031.jpg',27,NULL,'/srv/www/travelblog/web/thumbs/bec5e9cbbf83712d2a84c6f79ac9a476.jpg'),(128,'2010-09-24 13:16:30','jpg','/srv/www/travelblog/web/media/IMG20100924_004.jpg',18,NULL,'/srv/www/travelblog/web/thumbs/5375fdfb208a94f0fef793c05924f408.jpg'),(129,'2010-09-12 10:28:32','jpg','/srv/www/travelblog/web/media/IMG20100912_016.jpg',6,NULL,'/srv/www/travelblog/web/thumbs/78a7d4b1384803f8a74bc7329cbc1f3b.jpg'),(130,'2010-09-10 19:02:54','jpg','/srv/www/travelblog/web/media/IMG20100910_007.jpg',4,NULL,'/srv/www/travelblog/web/thumbs/4a3d17fbff2acfb54ee3ec6ec5d750a0.jpg'),(131,'2010-10-05 13:44:18','jpg','/srv/www/travelblog/web/media/IMG20101005_026.jpg',28,NULL,'/srv/www/travelblog/web/thumbs/1f6a146f761961d657a280daa0ec97b0.jpg'),(132,'2010-10-04 10:02:36','jpg','/srv/www/travelblog/web/media/IMG20101004_003.jpg',27,NULL,'/srv/www/travelblog/web/thumbs/dbbfebf511ae5356eaa40b90120cd338.jpg'),(133,'2010-09-19 15:33:22','jpg','/srv/www/travelblog/web/media/IMG20100919_005.jpg',13,NULL,'/srv/www/travelblog/web/thumbs/bf439888bb03a38622374cc4e6606d0c.jpg'),(134,'2010-10-02 13:34:58','jpg','/srv/www/travelblog/web/media/IMG20101002_002.jpg',25,NULL,'/srv/www/travelblog/web/thumbs/23c9012e24ffed583eabded61aa7fc74.jpg'),(135,'2010-09-29 09:05:06','jpg','/srv/www/travelblog/web/media/IMG20100929_011.jpg',22,NULL,'/srv/www/travelblog/web/thumbs/f514727968e69997209fdca47b8c08ce.jpg'),(136,'2010-09-26 15:55:50','jpg','/srv/www/travelblog/web/media/IMG20100926_003.jpg',20,NULL,'/srv/www/travelblog/web/thumbs/6fcb6a489474a7a0d7317f15344312e8.jpg'),(137,'2010-09-29 08:45:04','jpg','/srv/www/travelblog/web/media/IMG20100929_007.jpg',22,NULL,'/srv/www/travelblog/web/thumbs/ab48cab9f409765167127806f882ffff.jpg'),(138,'2010-09-24 13:01:12','jpg','/srv/www/travelblog/web/media/IMG20100924_002.jpg',18,NULL,'/srv/www/travelblog/web/thumbs/3661636e35ce6bc8640670516cc01060.jpg'),(139,'2010-09-28 13:50:58','jpg','/srv/www/travelblog/web/media/IMG20100928_004.jpg',21,NULL,'/srv/www/travelblog/web/thumbs/4022782a99742a05dcbefcfc89b02010.jpg'),(140,'2010-09-12 15:01:50','jpg','/srv/www/travelblog/web/media/IMG20100912_036.jpg',6,NULL,'/srv/www/travelblog/web/thumbs/7e2ee5255fe95a73c56253061f64e2a3.jpg'),(141,'2010-10-04 14:33:46','jpg','/srv/www/travelblog/web/media/IMG20101004_035.jpg',27,NULL,'/srv/www/travelblog/web/thumbs/6d4a4271ce7ee705fbcd974c1c2df9bd.jpg'),(142,'2010-09-24 13:49:44','jpg','/srv/www/travelblog/web/media/IMG20100924_008.jpg',18,NULL,'/srv/www/travelblog/web/thumbs/01ed823792d1dd143ed178fecad5bb42.jpg'),(143,'2010-10-05 13:21:18','jpg','/srv/www/travelblog/web/media/IMG20101005_023.jpg',28,NULL,'/srv/www/travelblog/web/thumbs/aad011acd0c77f03fad7170d1071ded2.jpg'),(144,'2010-09-30 06:28:50','jpg','/srv/www/travelblog/web/media/IMG20100930_001.jpg',23,NULL,'/srv/www/travelblog/web/thumbs/774620d1dcf35694a218edfe738614d6.jpg'),(145,'2010-09-30 08:28:12','jpg','/srv/www/travelblog/web/media/IMG20100930_005.jpg',23,NULL,'/srv/www/travelblog/web/thumbs/0377ed64da43387cef11dd0af1c6a07d.jpg'),(146,'2010-09-12 08:43:14','jpg','/srv/www/travelblog/web/media/IMG20100912_002.jpg',6,NULL,'/srv/www/travelblog/web/thumbs/2d4edfb71b68047c910dc3bf80641362.jpg'),(147,'2010-09-24 13:17:06','jpg','/srv/www/travelblog/web/media/IMG20100924_005.jpg',18,NULL,'/srv/www/travelblog/web/thumbs/c793f1d041b8db692002ddd8ec936476.jpg'),(148,'2010-09-12 15:10:36','jpg','/srv/www/travelblog/web/media/IMG20100912_038.jpg',6,NULL,'/srv/www/travelblog/web/thumbs/0f73bb3307954bc1de2b623b55ffc1dd.jpg'),(149,'2010-09-23 13:57:38','jpg','/srv/www/travelblog/web/media/IMG20100923_003.jpg',17,NULL,'/srv/www/travelblog/web/thumbs/a164649eda1e219ac5f5876a755f7c9d.jpg'),(150,'2010-09-24 19:28:44','jpg','/srv/www/travelblog/web/media/IMG20100924_013.jpg',18,NULL,'/srv/www/travelblog/web/thumbs/d2e6448a4ad520ec87973718f63c0365.jpg'),(151,'2010-09-23 13:50:14','jpg','/srv/www/travelblog/web/media/IMG20100923_002.jpg',17,NULL,'/srv/www/travelblog/web/thumbs/122b444fc28eb63c7d2e35f581319498.jpg'),(152,'2010-09-28 12:54:38','jpg','/srv/www/travelblog/web/media/IMG20100928_002.jpg',21,NULL,'/srv/www/travelblog/web/thumbs/17c461afa79e464fedb8c827b07566c6.jpg'),(153,'2010-10-05 15:02:30','jpg','/srv/www/travelblog/web/media/IMG20101005_030.jpg',28,NULL,'/srv/www/travelblog/web/thumbs/c76d7adf444946afafa377ae7b17039f.jpg'),(154,'2010-09-20 12:22:26','jpg','/srv/www/travelblog/web/media/pornic.jpg',14,NULL,'/srv/www/travelblog/web/thumbs/868f0f1de71dc34d33dee9e3d01859e5.jpg'),(155,'2010-10-04 10:02:10','jpg','/srv/www/travelblog/web/media/IMG20101004_002.jpg',27,NULL,'/srv/www/travelblog/web/thumbs/2ee2eeaa531f8dbce1a97da6f8562500.jpg'),(156,'2010-09-07 15:17:12','jpg','/srv/www/travelblog/web/media/IMG20100907_001.jpg',1,NULL,'/srv/www/travelblog/web/thumbs/a14aca63cb3f8579553e721e76511b12.jpg'),(157,'2010-09-11 16:12:22','jpg','/srv/www/travelblog/web/media/IMG20100911_008.jpg',5,NULL,'/srv/www/travelblog/web/thumbs/e6b89acde44c8eb530a54fab790cab8e.jpg'),(158,'2010-09-29 13:28:50','jpg','/srv/www/travelblog/web/media/IMG20100929_013.jpg',22,NULL,'/srv/www/travelblog/web/thumbs/859b0573179deeeb946fe2c05254cfca.jpg'),(159,'2010-10-05 12:18:00','jpg','/srv/www/travelblog/web/media/IMG20101005_019.jpg',28,NULL,'/srv/www/travelblog/web/thumbs/770819bebf6ca17ebab22f60e10f5dbe.jpg'),(160,'2010-10-03 14:39:28','jpg','/srv/www/travelblog/web/media/IMG20101003_016.jpg',26,NULL,'/srv/www/travelblog/web/thumbs/affc08983fb4de369293dc2e117d935e.jpg'),(161,'2010-09-09 19:24:44','jpg','/srv/www/travelblog/web/media/IMG20100909_004.jpg',3,NULL,'/srv/www/travelblog/web/thumbs/49ba9984ce44f7c43129ddf3742d0503.jpg'),(162,'2010-09-12 11:02:24','jpg','/srv/www/travelblog/web/media/IMG20100912_020.jpg',6,NULL,'/srv/www/travelblog/web/thumbs/7c6f62262fad4c72f5cfb6ed6d2623b4.jpg'),(163,'2010-09-12 08:43:22','jpg','/srv/www/travelblog/web/media/IMG20100912_003.jpg',6,NULL,'/srv/www/travelblog/web/thumbs/19880f0a7f3f5752f6ebdc6b67aad8dd.jpg'),(164,'2010-09-12 14:32:12','jpg','/srv/www/travelblog/web/media/IMG20100912_027.jpg',6,NULL,'/srv/www/travelblog/web/thumbs/b72dabe0fc1b5df48867ee0d1b6f7c44.jpg'),(165,'2010-09-21 12:23:56','jpg','/srv/www/travelblog/web/media/IMG20100921_001.jpg',15,NULL,'/srv/www/travelblog/web/thumbs/0164503722989700181a0ebbe8ae5413.jpg'),(166,'2010-09-19 15:34:16','jpg','/srv/www/travelblog/web/media/IMG20100919_006.jpg',13,NULL,'/srv/www/travelblog/web/thumbs/ebd564859302376b22a86457f4d2f0ba.jpg'),(167,'2010-09-12 10:28:40','jpg','/srv/www/travelblog/web/media/IMG20100912_017.jpg',6,NULL,'/srv/www/travelblog/web/thumbs/1bd9d185d32e8553aee32d508841c544.jpg'),(168,'2010-10-03 13:26:20','jpg','/srv/www/travelblog/web/media/IMG20101003_011.jpg',26,NULL,'/srv/www/travelblog/web/thumbs/b67850efa9ec6297cd9345515a9f3744.jpg'),(169,'2010-10-01 16:55:46','jpg','/srv/www/travelblog/web/media/IMG20101001_015.jpg',24,NULL,'/srv/www/travelblog/web/thumbs/69459d1e08a5fd2fb76a6a81a78dacf9.jpg'),(170,'2010-10-05 09:26:26','jpg','/srv/www/travelblog/web/media/IMG20101005_003.jpg',28,NULL,'/srv/www/travelblog/web/thumbs/05a0c92eab6a1a5c99170d54fee2e970.jpg'),(171,'2010-09-26 12:19:00','jpg','/srv/www/travelblog/web/media/IMG20100926_001.jpg',20,NULL,'/srv/www/travelblog/web/thumbs/bc6d936f392eac73778a5ea1291b28c1.jpg'),(172,'2010-09-19 11:52:12','jpg','/srv/www/travelblog/web/media/IMG20100919_003.jpg',13,NULL,'/srv/www/travelblog/web/thumbs/addc3a3234f3c19643380b6bf2fb45ba.jpg'),(173,'2010-10-02 13:34:38','jpg','/srv/www/travelblog/web/media/IMG20101002_001.jpg',25,NULL,'/srv/www/travelblog/web/thumbs/c7f01715c322aadb87b17e3e661acbcb.jpg'),(174,'2010-09-05 17:38:36','jpg','/srv/www/travelblog/web/media/IMG20100905_001.jpg',NULL,NULL,'/srv/www/travelblog/web/thumbs/9585d33d9fd03b6ac1a860ad9a4b96b3.jpg'),(175,'2010-10-01 15:08:26','jpg','/srv/www/travelblog/web/media/IMG20101001_003.jpg',24,NULL,'/srv/www/travelblog/web/thumbs/7e370f1655130b922dd5da685cb9eaab.jpg'),(176,'2010-10-05 12:19:36','jpg','/srv/www/travelblog/web/media/IMG20101005_021.jpg',28,NULL,'/srv/www/travelblog/web/thumbs/33de8a7b20b40d6ec7cc06aa370f4e2c.jpg'),(177,'2010-09-11 12:12:56','jpg','/srv/www/travelblog/web/media/IMG20100911_001.jpg',5,NULL,'/srv/www/travelblog/web/thumbs/bc9196b8660ae89493386fb4ba1ed226.jpg'),(178,'2010-09-26 16:23:42','jpg','/srv/www/travelblog/web/media/IMG20100926_006.jpg',20,NULL,'/srv/www/travelblog/web/thumbs/0a8033d336ad5e8cfad60f8486e983c8.jpg'),(179,'2010-10-05 11:33:28','jpg','/srv/www/travelblog/web/media/IMG20101005_006.jpg',28,NULL,'/srv/www/travelblog/web/thumbs/689ee9a66b98b7aa9b2b3ab7e2d442fa.jpg'),(180,'2010-09-29 08:51:08','jpg','/srv/www/travelblog/web/media/IMG20100929_009.jpg',22,NULL,'/srv/www/travelblog/web/thumbs/8c7152ced13105899cd941d51946ac16.jpg'),(181,'2010-10-05 13:21:06','jpg','/srv/www/travelblog/web/media/IMG20101005_022.jpg',28,NULL,'/srv/www/travelblog/web/thumbs/2781ad52389c0aee44c31a9e077927df.jpg'),(182,'2010-09-11 16:12:04','jpg','/srv/www/travelblog/web/media/IMG20100911_005.jpg',5,NULL,'/srv/www/travelblog/web/thumbs/c5b7c263fc082efac257eb0dc5c98c4d.jpg'),(183,'2010-09-29 17:32:16','jpg','/srv/www/travelblog/web/media/IMG20100929_019.jpg',22,NULL,'/srv/www/travelblog/web/thumbs/3aca5c1c961ff9ed423efc95550a443b.jpg'),(184,'2010-09-10 18:42:02','jpg','/srv/www/travelblog/web/media/IMG20100910_006.jpg',4,NULL,'/srv/www/travelblog/web/thumbs/31a400b16aee72d6bd69a905f359372e.jpg'),(185,'2010-10-09 10:34:24','jpg','/srv/www/travelblog/web/media/IMG20101009_001.jpg',32,NULL,'/srv/www/travelblog/web/thumbs/ffc2d99570b638f3905da1f6b07eb16b.jpg'),(186,'2010-09-04 14:14:56','jpg','/srv/www/travelblog/web/media/IMG20100904_006.jpg',NULL,NULL,'/srv/www/travelblog/web/thumbs/f02ae60b935ad4a61868b770aa3a3bf4.jpg'),(187,'2010-09-19 18:48:58','jpg','/srv/www/travelblog/web/media/IMG20100919_012.jpg',13,NULL,'/srv/www/travelblog/web/thumbs/4214d2072bc430d4c8be18535437d7b9.jpg'),(188,'2010-10-05 12:18:28','jpg','/srv/www/travelblog/web/media/IMG20101005_020.jpg',28,NULL,'/srv/www/travelblog/web/thumbs/4ef3b3832f44989148f9df476745ba20.jpg'),(189,'2010-09-10 19:03:08','jpg','/srv/www/travelblog/web/media/IMG20100910_008.jpg',4,NULL,'/srv/www/travelblog/web/thumbs/b50f521c357176b7d68466cdce17a439.jpg'),(190,'2010-10-03 14:29:50','jpg','/srv/www/travelblog/web/media/IMG20101003_012.jpg',26,NULL,'/srv/www/travelblog/web/thumbs/0930b12a002f7ab86c61bf8611fdf7e3.jpg'),(191,'2010-10-03 10:44:42','jpg','/srv/www/travelblog/web/media/IMG20101003_002.jpg',26,NULL,'/srv/www/travelblog/web/thumbs/e7eb616bc465f958f8c8d66f870c9f81.jpg'),(192,'2010-09-28 10:04:02','jpg','/srv/www/travelblog/web/media/IMG20100928_001.jpg',21,NULL,'/srv/www/travelblog/web/thumbs/debcb668af6056784de6233b05992482.jpg'),(193,'2010-09-24 17:37:50','jpg','/srv/www/travelblog/web/media/IMG20100924_009.jpg',18,NULL,'/srv/www/travelblog/web/thumbs/6cc9760bc6885f75c093d413d9737f4e.jpg'),(194,'2010-09-12 14:49:22','jpg','/srv/www/travelblog/web/media/IMG20100912_034.jpg',6,NULL,'/srv/www/travelblog/web/thumbs/9ee7513c82d9de730bd4b73fc979dabc.jpg'),(195,'2010-09-20 09:43:12','jpg','/srv/www/travelblog/web/media/IMG20100920_003.jpg',14,NULL,'/srv/www/travelblog/web/thumbs/43d457b71984102e854bcddc0d7af381.jpg'),(196,'2010-10-05 17:55:06','jpg','/srv/www/travelblog/web/media/IMG20101005_038.jpg',28,NULL,'/srv/www/travelblog/web/thumbs/ba62865efd1a6824d9612396ab937374.jpg'),(197,'2010-09-29 09:04:56','jpg','/srv/www/travelblog/web/media/IMG20100929_010.jpg',22,NULL,'/srv/www/travelblog/web/thumbs/000011834efbc99d6d3e72e45f718b1b.jpg'),(198,'2010-09-24 13:24:54','jpg','/srv/www/travelblog/web/media/IMG20100924_007.jpg',18,NULL,'/srv/www/travelblog/web/thumbs/02ee47d8a019292898c999dd37fad914.jpg'),(199,'2010-09-28 14:49:02','jpg','/srv/www/travelblog/web/media/IMG20100928_006.jpg',21,NULL,'/srv/www/travelblog/web/thumbs/b9d0dfd94f99bf31f91954c468637b9d.jpg'),(200,'2010-09-04 17:50:22','jpg','/srv/www/travelblog/web/media/IMG20100904_007.jpg',NULL,NULL,'/srv/www/travelblog/web/thumbs/05bd4e26549fadb64335ab78efb31880.jpg'),(201,'2010-09-04 14:21:02','jpg','/srv/www/travelblog/web/media/IMG20100904_001.jpg',NULL,NULL,'/srv/www/travelblog/web/thumbs/a5ef0d345ba5e2203c100c109e3e7035.jpg'),(202,'2010-10-03 16:00:10','jpg','/srv/www/travelblog/web/media/IMG20101003_021.jpg',26,NULL,'/srv/www/travelblog/web/thumbs/0908d6b44e0018ed656899603e491765.jpg'),(203,'2010-09-24 19:28:54','jpg','/srv/www/travelblog/web/media/IMG20100924_014.jpg',18,NULL,'/srv/www/travelblog/web/thumbs/c634805eb5665cc612078cbc27238978.jpg'),(204,'2010-09-22 14:04:04','jpg','/srv/www/travelblog/web/media/IMG20100922_002.jpg',16,NULL,'/srv/www/travelblog/web/thumbs/9c05ffbaa758846f863d0689946c1a0f.jpg'),(205,'2010-09-19 18:47:56','jpg','/srv/www/travelblog/web/media/IMG20100919_011.jpg',13,NULL,'/srv/www/travelblog/web/thumbs/1b22489fb5d0e7f6fd20153709514dc5.jpg'),(206,'2010-09-19 14:46:02','jpg','/srv/www/travelblog/web/media/IMG20100919_004.jpg',13,NULL,'/srv/www/travelblog/web/thumbs/ba9ae0daadbea42c4b4f0de8d47fadfb.jpg'),(207,'2010-09-12 11:58:12','jpg','/srv/www/travelblog/web/media/IMG20100912_022.jpg',6,NULL,'/srv/www/travelblog/web/thumbs/54d0404595155e93d7be26af12cd7db5.jpg'),(208,'2010-10-05 14:58:44','jpg','/srv/www/travelblog/web/media/IMG20101005_029.jpg',28,NULL,'/srv/www/travelblog/web/thumbs/96eee6302ad3ee8ef608fd26f6a7d949.jpg'),(209,'2010-10-05 12:14:52','jpg','/srv/www/travelblog/web/media/IMG20101005_015.jpg',28,NULL,'/srv/www/travelblog/web/thumbs/a35d7a7109cb428b49365543e2f6265b.jpg'),(210,'2010-09-26 15:55:58','jpg','/srv/www/travelblog/web/media/IMG20100926_004.jpg',20,NULL,'/srv/www/travelblog/web/thumbs/ead49cc47f8621c20daf834f302d6a35.jpg'),(211,'2010-09-29 08:09:40','jpg','/srv/www/travelblog/web/media/IMG20100929_005.jpg',22,NULL,'/srv/www/travelblog/web/thumbs/de4e665b7dc1b617fd1570afdb886e1b.jpg'),(212,'2010-09-11 19:00:50','jpg','/srv/www/travelblog/web/media/IMG20100911_011.jpg',5,NULL,'/srv/www/travelblog/web/thumbs/ad306852639277ef15915fd2cb42f9e8.jpg'),(213,'2010-10-05 12:00:48','jpg','/srv/www/travelblog/web/media/IMG20101005_013.jpg',28,NULL,'/srv/www/travelblog/web/thumbs/2ccc0d65f38b5174b8487ecdc1866fe4.jpg'),(214,'2010-09-12 10:01:38','jpg','/srv/www/travelblog/web/media/IMG20100912_013.jpg',6,NULL,'/srv/www/travelblog/web/thumbs/0dedc37022a3d27f56256c82d9557718.jpg'),(215,'2010-09-11 13:54:50','jpg','/srv/www/travelblog/web/media/IMG20100911_003.jpg',5,NULL,'/srv/www/travelblog/web/thumbs/d7d73297e9c06e87f7d528113f639687.jpg'),(216,'2010-09-11 16:12:16','jpg','/srv/www/travelblog/web/media/IMG20100911_007.jpg',5,NULL,'/srv/www/travelblog/web/thumbs/e5456740587e840c4f574fcb13ff22a0.jpg'),(217,'2010-10-09 14:12:48','jpg','/srv/www/travelblog/web/media/IMG20101009_005.jpg',32,NULL,'/srv/www/travelblog/web/thumbs/7d4abdc39069f344fbc39b5c1a88371b.jpg'),(218,'2010-09-08 16:39:14','jpg','/srv/www/travelblog/web/media/IMG20100908_002.jpg',2,NULL,'/srv/www/travelblog/web/thumbs/dd0fb943b5da62630f66132ba10c6f9c.jpg'),(219,'2010-09-25 09:04:14','jpg','/srv/www/travelblog/web/media/IMG20100925_001.jpg',19,NULL,'/srv/www/travelblog/web/thumbs/e987d49b2b345430305d1d9caa5d4e6c.jpg'),(220,'2010-10-04 14:33:10','jpg','/srv/www/travelblog/web/media/IMG20101004_033.jpg',27,NULL,'/srv/www/travelblog/web/thumbs/812886887e19278d82fce9bf5ef15318.jpg'),(221,'2010-09-12 15:07:34','jpg','/srv/www/travelblog/web/media/IMG20100912_029.jpg',6,NULL,'/srv/www/travelblog/web/thumbs/2536f21948c716f82baa2a61061894b1.jpg'),(222,'2010-10-04 15:47:06','jpg','/srv/www/travelblog/web/media/IMG20101004_037.jpg',27,NULL,'/srv/www/travelblog/web/thumbs/1e6fb9ed7a785162aff848c46576ee53.jpg'),(223,'2010-10-03 15:45:34','jpg','/srv/www/travelblog/web/media/IMG20101003_032.jpg',26,NULL,'/srv/www/travelblog/web/thumbs/61918cd2317a596a0cc00977ebb2675a.jpg'),(224,'2010-09-09 13:16:14','jpg','/srv/www/travelblog/web/media/IMG20100909_001.jpg',3,NULL,'/srv/www/travelblog/web/thumbs/0c0b0289618c333541317bf0dff92bbf.jpg'),(225,'2010-09-12 09:58:12','jpg','/srv/www/travelblog/web/media/IMG20100912_010.jpg',6,NULL,'/srv/www/travelblog/web/thumbs/61ba6c32592cbdfca8f0bf306452177a.jpg'),(226,'2010-09-24 17:37:56','jpg','/srv/www/travelblog/web/media/IMG20100924_010.jpg',18,NULL,'/srv/www/travelblog/web/thumbs/b9bae2fcc1d0d4a98addc599e79fea3b.jpg'),(227,'2010-09-29 08:09:44','jpg','/srv/www/travelblog/web/media/IMG20100929_006.jpg',22,NULL,'/srv/www/travelblog/web/thumbs/b315468456fdd75d585a6317ace73ed1.jpg'),(228,'2010-10-01 16:49:46','jpg','/srv/www/travelblog/web/media/IMG20101001_011.jpg',24,NULL,'/srv/www/travelblog/web/thumbs/f303577b7cea5376fc49e7fb58c8df0a.jpg'),(229,'2010-09-19 18:42:22','jpg','/srv/www/travelblog/web/media/IMG20100919_008.jpg',13,NULL,'/srv/www/travelblog/web/thumbs/53a525ec7e53fc520caeaa22295ff0a1.jpg'),(230,'2010-10-05 11:33:44','jpg','/srv/www/travelblog/web/media/IMG20101005_007.jpg',28,NULL,'/srv/www/travelblog/web/thumbs/86107064247331bdffc8d18085815ef5.jpg'),(231,'2010-10-04 17:35:16','jpg','/srv/www/travelblog/web/media/IMG20101004_040.jpg',27,NULL,'/srv/www/travelblog/web/thumbs/1afea38a60c9083010fea5ab447d9aff.jpg'),(232,'2010-09-30 14:56:30','jpg','/srv/www/travelblog/web/media/IMG20100930_010.jpg',23,NULL,'/srv/www/travelblog/web/thumbs/328d6378acc88849344fb325df0477ae.jpg'),(233,'2010-10-05 08:44:58','jpg','/srv/www/travelblog/web/media/IMG20101005_001.jpg',28,NULL,'/srv/www/travelblog/web/thumbs/1821cd67b975d42fef124b0747c36ca9.jpg'),(234,'2010-10-01 11:16:58','jpg','/srv/www/travelblog/web/media/IMG20101001_001.jpg',24,NULL,'/srv/www/travelblog/web/thumbs/f6fe760cd13502cc2563fd9f123c67d8.jpg'),(235,'2010-10-09 14:11:42','jpg','/srv/www/travelblog/web/media/IMG20101009_004.jpg',32,NULL,'/srv/www/travelblog/web/thumbs/2c336480805199e00eb21d24b97e2987.jpg'),(236,'2010-10-03 16:25:48','jpg','/srv/www/travelblog/web/media/IMG20101003_028.jpg',26,NULL,'/srv/www/travelblog/web/thumbs/5e75bb52c198e94b67bf590886b6e8fe.jpg'),(237,'2010-10-05 17:42:50','jpg','/srv/www/travelblog/web/media/IMG20101005_036.jpg',28,NULL,'/srv/www/travelblog/web/thumbs/007ae263b47dec3e5e4fddbbc8dad5d7.jpg'),(238,'2010-09-24 13:18:22','jpg','/srv/www/travelblog/web/media/IMG20100924_006.jpg',18,NULL,'/srv/www/travelblog/web/thumbs/fe0fd3121b3fe4b2c8315a7b0fed81f6.jpg'),(239,'2010-10-04 15:45:16','jpg','/srv/www/travelblog/web/media/IMG20101004_036.jpg',27,NULL,'/srv/www/travelblog/web/thumbs/abe0c496d0db136f799b0d453754e6ac.jpg'),(240,'2010-09-12 09:22:16','jpg','/srv/www/travelblog/web/media/IMG20100912_005.jpg',6,NULL,'/srv/www/travelblog/web/thumbs/2be767dd6fe635361f4cc7f72cb4205f.jpg'),(241,'2010-10-05 09:24:46','jpg','/srv/www/travelblog/web/media/IMG20101005_002.jpg',28,NULL,'/srv/www/travelblog/web/thumbs/587aeb8d62989eae5add59983de41dde.jpg'),(242,'2010-09-08 16:25:20','jpg','/srv/www/travelblog/web/media/IMG20100908_001.jpg',2,NULL,'/srv/www/travelblog/web/thumbs/f364573faac845a64a6094abb4f9661b.jpg'),(243,'2010-09-10 14:02:58','jpg','/srv/www/travelblog/web/media/IMG20100910_003.jpg',4,NULL,'/srv/www/travelblog/web/thumbs/b3784f06de9dade39227eaae9174a948.jpg'),(244,'2010-10-04 13:58:28','jpg','/srv/www/travelblog/web/media/IMG20101004_030.jpg',27,NULL,'/srv/www/travelblog/web/thumbs/57a40102cad76da8b60ffb27b75bc1ea.jpg'),(245,'2010-10-03 16:37:06','jpg','/srv/www/travelblog/web/media/IMG20101003_029.jpg',26,NULL,'/srv/www/travelblog/web/thumbs/dcd60d5a436b69dbb3660715c8bb4247.jpg'),(246,'2010-09-20 09:36:12','jpg','/srv/www/travelblog/web/media/IMG20100920_001.jpg',14,NULL,'/srv/www/travelblog/web/thumbs/918a8101fac69231f0cb30b06635ddfe.jpg'),(247,'2010-09-12 10:01:44','jpg','/srv/www/travelblog/web/media/IMG20100912_014.jpg',6,NULL,'/srv/www/travelblog/web/thumbs/bafa57e90e1ebe3b5576ae94d4684c41.jpg'),(248,'1980-01-06 00:03:58','jpg','/srv/www/travelblog/web/media/IMG19800106_001.jpg',NULL,NULL,'/srv/www/travelblog/web/thumbs/60165b55df2fbb4c0c82b6918d4456ed.jpg'),(249,'2010-10-02 15:49:50','jpg','/srv/www/travelblog/web/media/IMG20101002_004.jpg',25,NULL,'/srv/www/travelblog/web/thumbs/24d4fb8a043e30ddb7899a0dbc2c3e82.jpg'),(250,'2010-09-17 09:24:14','jpg','/srv/www/travelblog/web/media/IMG20100917_005.jpg',11,NULL,'/srv/www/travelblog/web/thumbs/f2d2c7ca0c15f08da2f39dd7a5cc556e.jpg'),(251,'2010-09-12 10:57:54','jpg','/srv/www/travelblog/web/media/IMG20100912_019.jpg',6,NULL,'/srv/www/travelblog/web/thumbs/8f1f7df3c4cad75d3e7de254f2221ec5.jpg'),(252,'2010-10-03 16:23:10','jpg','/srv/www/travelblog/web/media/IMG20101003_027.jpg',26,NULL,'/srv/www/travelblog/web/thumbs/ee565c57bf6a13ab655e80f826769f49.jpg'),(253,'2010-09-25 12:36:22','jpg','/srv/www/travelblog/web/media/IMG20100925_004.jpg',19,NULL,'/srv/www/travelblog/web/thumbs/2971e6fcfcdaa85595cee68ceb3bb291.jpg'),(254,'2010-10-01 16:54:30','jpg','/srv/www/travelblog/web/media/IMG20101001_014.jpg',24,NULL,'/srv/www/travelblog/web/thumbs/46db894b01ce7aed9b29afdaf6583430.jpg'),(255,'2010-10-03 16:11:24','jpg','/srv/www/travelblog/web/media/IMG20101003_024.jpg',26,NULL,'/srv/www/travelblog/web/thumbs/96113b32e8f92eed8d05555e4dda73fc.jpg'),(256,'2010-10-01 16:20:30','jpg','/srv/www/travelblog/web/media/IMG20101001_010.jpg',24,NULL,'/srv/www/travelblog/web/thumbs/02ae115d5426afa806f595c921194651.jpg'),(257,'2010-10-03 10:36:14','jpg','/srv/www/travelblog/web/media/IMG20101003_001.jpg',26,NULL,'/srv/www/travelblog/web/thumbs/c622379330ff3fe7b0f394f4f2b4c475.jpg'),(258,'2010-09-11 19:00:58','jpg','/srv/www/travelblog/web/media/IMG20100911_012.jpg',5,NULL,'/srv/www/travelblog/web/thumbs/29f5f317c42a6ec71e5743c50e7025ba.jpg'),(259,'2010-09-18 16:38:26','jpg','/srv/www/travelblog/web/media/IMG20100918_003.jpg',12,NULL,'/srv/www/travelblog/web/thumbs/9cde72307148988e630bfe104f594c3a.jpg'),(260,'2010-09-10 10:56:32','jpg','/srv/www/travelblog/web/media/IMG20100910_002.jpg',4,NULL,'/srv/www/travelblog/web/thumbs/a5dd0be9b26756f589dc6a800bb617e9.jpg'),(261,'2010-09-10 09:38:48','jpg','/srv/www/travelblog/web/media/IMG20100910_001.jpg',4,NULL,'/srv/www/travelblog/web/thumbs/060faa63c11ce06bfe99be3f67f02067.jpg'),(262,'2010-10-05 11:40:28','jpg','/srv/www/travelblog/web/media/IMG20101005_011.jpg',28,NULL,'/srv/www/travelblog/web/thumbs/4aac9300feec2cf88552d16c15494fc2.jpg'),(263,'2010-09-21 13:11:00','jpg','/srv/www/travelblog/web/media/IMG20100921_002.jpg',15,NULL,'/srv/www/travelblog/web/thumbs/04d1b23a7a67fcc2287e5d1823991801.jpg'),(264,'2010-09-10 19:03:34','jpg','/srv/www/travelblog/web/media/IMG20100910_009.jpg',4,NULL,'/srv/www/travelblog/web/thumbs/b607f2047e51e784dd08220efdde7a4f.jpg'),(265,'2010-10-01 16:55:58','jpg','/srv/www/travelblog/web/media/IMG20101001_016.jpg',24,NULL,'/srv/www/travelblog/web/thumbs/946aafea2132602b642e8902b13b890a.jpg'),(266,'2010-09-10 18:41:34','jpg','/srv/www/travelblog/web/media/IMG20100910_005.jpg',4,NULL,'/srv/www/travelblog/web/thumbs/38a505be8acfc05863de99339e14d819.jpg'),(267,'2010-10-05 18:00:56','jpg','/srv/www/travelblog/web/media/IMG20101005_039.jpg',28,NULL,'/srv/www/travelblog/web/thumbs/b057a16d72c5dcbba7545e91def9d1c6.jpg'),(268,'2010-09-20 09:58:10','jpg','/srv/www/travelblog/web/media/IMG20100920_004.jpg',14,NULL,'/srv/www/travelblog/web/thumbs/d530ad18c99af99dbdd4200f226f6c78.jpg'),(269,'2010-09-12 16:10:30','jpg','/srv/www/travelblog/web/media/IMG20100912_039.jpg',6,NULL,'/srv/www/travelblog/web/thumbs/c6c5b6f918ea0c220b042b37e6a7ed1c.jpg'),(270,'2010-09-18 16:38:16','jpg','/srv/www/travelblog/web/media/IMG20100918_001.jpg',12,NULL,'/srv/www/travelblog/web/thumbs/bbef95cdc978ebfad6ecc74124db1f7e.jpg'),(271,'2010-09-24 19:42:17','jpg','/srv/www/travelblog/web/media/IMG20100924_003.jpg',18,NULL,'/srv/www/travelblog/web/thumbs/ea52c1ddff6c51ae20a92c7eb269044e.jpg'),(272,'2010-09-17 09:21:24','jpg','/srv/www/travelblog/web/media/IMG20100917_003.jpg',11,NULL,'/srv/www/travelblog/web/thumbs/4692b0c287a3d43a6b7f049877b1fc4a.jpg'),(273,'2010-10-01 15:12:06','jpg','/srv/www/travelblog/web/media/IMG20101001_007.jpg',24,NULL,'/srv/www/travelblog/web/thumbs/48c12d6f282a974075d171c2f265794c.jpg'),(274,'2010-10-05 13:21:40','jpg','/srv/www/travelblog/web/media/IMG20101005_024.jpg',28,NULL,'/srv/www/travelblog/web/thumbs/7b1889e6c51f45617576b84a31a98d2d.jpg'),(275,'2010-10-03 12:49:16','jpg','/srv/www/travelblog/web/media/IMG20101003_005.jpg',26,NULL,'/srv/www/travelblog/web/thumbs/8825a63b772334ebe4cc84c0ccc0cdbd.jpg'),(276,'2010-10-01 16:16:52','jpg','/srv/www/travelblog/web/media/IMG20101001_009.jpg',24,NULL,'/srv/www/travelblog/web/thumbs/ca325c47a8c6a1e866e8294b84564b68.jpg'),(277,'2010-09-25 09:15:34','jpg','/srv/www/travelblog/web/media/IMG20100925_002.jpg',19,NULL,'/srv/www/travelblog/web/thumbs/0b36036599038aa93231c433c4d47bb0.jpg'),(278,'2010-10-05 12:17:52','jpg','/srv/www/travelblog/web/media/IMG20101005_018.jpg',28,NULL,'/srv/www/travelblog/web/thumbs/e67b4c0e1fec3d7acea885d294b98bce.jpg'),(279,'2010-10-03 15:33:18','jpg','/srv/www/travelblog/web/media/IMG20101003_020.jpg',26,NULL,'/srv/www/travelblog/web/thumbs/e4d0bfd0a7ab711c28a06c8047f48cb3.jpg'),(280,'2010-10-05 15:05:00','jpg','/srv/www/travelblog/web/media/IMG20101005_031.jpg',28,NULL,'/srv/www/travelblog/web/thumbs/2ec711fe4a914378e5b4441b079f9a84.jpg'),(281,'2010-10-05 17:42:34','jpg','/srv/www/travelblog/web/media/IMG20101005_035.jpg',28,NULL,'/srv/www/travelblog/web/thumbs/b146ec898c13847eb514ee9b1c354d6b.jpg'),(282,'2010-10-05 11:39:46','jpg','/srv/www/travelblog/web/media/IMG20101005_008.jpg',28,NULL,'/srv/www/travelblog/web/thumbs/65447f0103befd62e7c2166ea15ae987.jpg'),(283,'2010-10-03 14:30:04','jpg','/srv/www/travelblog/web/media/IMG20101003_013.jpg',26,NULL,'/srv/www/travelblog/web/thumbs/280eb4f95208d0a0b01c3ddc34dd23ff.jpg'),(284,'2010-10-05 11:43:06','jpg','/srv/www/travelblog/web/media/IMG20101005_012.jpg',28,NULL,'/srv/www/travelblog/web/thumbs/ebe8a364e47f40a94665486c26a9a91b.jpg'),(285,'2010-09-12 14:49:16','jpg','/srv/www/travelblog/web/media/IMG20100912_033.jpg',6,NULL,'/srv/www/travelblog/web/thumbs/6b081615e3d638a39038b2f4894527ef.jpg'),(286,'2010-09-20 12:22:18','jpg','/srv/www/travelblog/web/media/IMG20100920_005.jpg',14,NULL,'/srv/www/travelblog/web/thumbs/d4fbe015bacf46617a6daddbe080ac00.jpg'),(287,'2010-10-04 17:34:04','jpg','/srv/www/travelblog/web/media/IMG20101004_038.jpg',27,NULL,'/srv/www/travelblog/web/thumbs/c8366c3b26df37a3639ea82f518aaed4.jpg'),(288,'2010-09-12 14:11:50','jpg','/srv/www/travelblog/web/media/IMG20100912_026.jpg',6,NULL,'/srv/www/travelblog/web/thumbs/f3d9ed1dc06573d041262bb11e81a1d4.jpg'),(289,'2010-10-02 15:49:14','jpg','/srv/www/travelblog/web/media/IMG20101002_003.jpg',25,NULL,'/srv/www/travelblog/web/thumbs/ba1fc911b71b167afb5265474a9969d1.jpg'),(290,'2010-10-09 14:50:46','jpg','/srv/www/travelblog/web/media/IMG20101009_006.jpg',32,NULL,'/srv/www/travelblog/web/thumbs/ed2a6edcd6399242fdf92564fb39caf5.jpg'),(291,'2010-10-05 13:26:52','jpg','/srv/www/travelblog/web/media/IMG20101005_025.jpg',28,NULL,'/srv/www/travelblog/web/thumbs/c351879ffd657d9e6b8ff437e64b8eb7.jpg'),(292,'2010-09-17 09:18:24','jpg','/srv/www/travelblog/web/media/IMG20100917_002.jpg',11,NULL,'/srv/www/travelblog/web/thumbs/0d130429040a7441ea4948db77c6b3a2.jpg'),(293,'2010-09-12 09:22:50','jpg','/srv/www/travelblog/web/media/IMG20100912_006.jpg',6,NULL,'/srv/www/travelblog/web/thumbs/7c8611d2149e2199ae6548167d005745.jpg'),(294,'2010-10-03 12:50:06','jpg','/srv/www/travelblog/web/media/IMG20101003_007.jpg',26,NULL,'/srv/www/travelblog/web/thumbs/402b4ec375e44d9d47685450788456fd.jpg'),(295,'2010-09-29 13:28:44','jpg','/srv/www/travelblog/web/media/IMG20100929_012.jpg',22,NULL,'/srv/www/travelblog/web/thumbs/8aa244fceb27e89555eb67db68bf9b87.jpg'),(296,'2010-10-05 09:48:58','jpg','/srv/www/travelblog/web/media/IMG20101005_004.jpg',28,NULL,'/srv/www/travelblog/web/thumbs/38a0dcf0f4326da1d7305192f8da98c3.jpg'),(297,'2010-09-12 08:42:56','jpg','/srv/www/travelblog/web/media/IMG20100912_001.jpg',6,NULL,'/srv/www/travelblog/web/thumbs/219a681415706a275ddbcc5db6aa5f86.jpg'),(298,'2010-10-07 13:16:08','jpg','/srv/www/travelblog/web/media/IMG20101007_005.jpg',30,NULL,'/srv/www/travelblog/web/thumbs/9914e168892b6be68dcb8e5b2cea4bce.jpg'),(299,'2010-10-07 13:42:48','jpg','/srv/www/travelblog/web/media/IMG20101007_007.jpg',30,NULL,'/srv/www/travelblog/web/thumbs/bc180399109ec1522d8829d30fc61a47.jpg'),(300,'2010-10-07 13:15:42','jpg','/srv/www/travelblog/web/media/IMG20101007_004.jpg',30,NULL,'/srv/www/travelblog/web/thumbs/93370d81ad5cf15484e4d8398fb1d753.jpg'),(301,'2010-10-06 13:59:14','jpg','/srv/www/travelblog/web/media/IMG20101006_008.jpg',29,NULL,'/srv/www/travelblog/web/thumbs/7570e68875c0edd5ba83e68f86029da8.jpg'),(302,'2010-10-06 13:49:52','jpg','/srv/www/travelblog/web/media/IMG20101006_004.jpg',29,NULL,'/srv/www/travelblog/web/thumbs/cac2b1f15d0b7fe1f4b3322241dc4f5d.jpg'),(303,'2010-10-07 14:21:56','jpg','/srv/www/travelblog/web/media/IMG20101007_009.jpg',30,NULL,'/srv/www/travelblog/web/thumbs/08e6fd0830ac85af4554671d7070fe7f.jpg'),(304,'2010-10-06 13:52:42','jpg','/srv/www/travelblog/web/media/IMG20101006_006.jpg',29,NULL,'/srv/www/travelblog/web/thumbs/fe457d7cf0b8a949bd2b627232fa9327.jpg'),(305,'2010-10-06 12:36:00','jpg','/srv/www/travelblog/web/media/IMG20101006_003.jpg',29,NULL,'/srv/www/travelblog/web/thumbs/cf7e541c3a9cc5b034f4ab9de93518a8.jpg'),(306,'2010-10-08 14:05:46','jpg','/srv/www/travelblog/web/media/IMG20101008_007.jpg',31,NULL,'/srv/www/travelblog/web/thumbs/4197ce39c15851b9e86cc3199f0cc9d2.jpg'),(307,'2010-10-07 15:44:36','jpg','/srv/www/travelblog/web/media/IMG20101007_010.jpg',30,NULL,'/srv/www/travelblog/web/thumbs/47c38356047f7c403d421c840c47d8e6.jpg'),(308,'2010-10-08 11:45:22','jpg','/srv/www/travelblog/web/media/IMG20101008_003.jpg',31,NULL,'/srv/www/travelblog/web/thumbs/6940e8adbfb724057794bf0f0fc18479.jpg'),(309,'2010-10-08 12:12:42','jpg','/srv/www/travelblog/web/media/IMG20101008_004.jpg',31,NULL,'/srv/www/travelblog/web/thumbs/c675d39dc95846b20d7b7fc3188da4ed.jpg'),(310,'2010-10-07 11:05:12','jpg','/srv/www/travelblog/web/media/IMG20101007_001.jpg',30,NULL,'/srv/www/travelblog/web/thumbs/5d8208618eef06a4b238a02c13cc4b92.jpg'),(311,'2010-10-06 10:56:52','jpg','/srv/www/travelblog/web/media/IMG20101006_001.jpg',29,NULL,'/srv/www/travelblog/web/thumbs/338566e3059a1cde3eaccbb21df8f047.jpg'),(312,'2010-10-07 15:57:14','jpg','/srv/www/travelblog/web/media/IMG20101007_011.jpg',30,NULL,'/srv/www/travelblog/web/thumbs/9b92604c91378815a285d650597540a1.jpg'),(313,'2010-10-06 15:27:08','jpg','/srv/www/travelblog/web/media/IMG20101006_012.jpg',29,NULL,'/srv/www/travelblog/web/thumbs/ccb3af3bc5a550b9d354719c9628d082.jpg'),(314,'2010-10-06 14:14:52','jpg','/srv/www/travelblog/web/media/IMG20101006_010.jpg',29,NULL,'/srv/www/travelblog/web/thumbs/633c3b565ee79f3adb00959ecb5e42e0.jpg'),(315,'2010-10-07 13:42:36','jpg','/srv/www/travelblog/web/media/IMG20101007_006.jpg',30,NULL,'/srv/www/travelblog/web/thumbs/243b88ee8b074f079510f3ea30adcec6.jpg'),(316,'2010-10-06 13:52:16','jpg','/srv/www/travelblog/web/media/IMG20101006_005.jpg',29,NULL,'/srv/www/travelblog/web/thumbs/8344a0fee64e5b39654f85a7ff98b385.jpg'),(317,'2010-10-08 11:45:14','jpg','/srv/www/travelblog/web/media/IMG20101008_002.jpg',31,NULL,'/srv/www/travelblog/web/thumbs/b56a210e21e4fd4f8019974202854eb2.jpg'),(318,'2010-10-08 11:10:28','jpg','/srv/www/travelblog/web/media/IMG20101008_001.jpg',31,NULL,'/srv/www/travelblog/web/thumbs/ef09a8d9edabba51b7ec0bad07d6bfac.jpg'),(319,'2010-10-07 13:43:18','jpg','/srv/www/travelblog/web/media/IMG20101007_008.jpg',30,NULL,'/srv/www/travelblog/web/thumbs/c017e7d488825a2b5719ee54668b231f.jpg'),(320,'2010-10-06 12:35:32','jpg','/srv/www/travelblog/web/media/IMG20101006_002.jpg',29,NULL,'/srv/www/travelblog/web/thumbs/80df0f421569a4f959c351b1101ffafa.jpg'),(321,'2010-10-07 16:41:32','jpg','/srv/www/travelblog/web/media/IMG20101007_013.jpg',30,NULL,'/srv/www/travelblog/web/thumbs/f2f8c22ac259645aef11cf01e8afd175.jpg'),(322,'2010-10-08 12:44:08','jpg','/srv/www/travelblog/web/media/IMG20101008_006.jpg',31,NULL,'/srv/www/travelblog/web/thumbs/e72da079d6060aab0dad09e743ff9ddd.jpg'),(323,'2010-10-07 16:16:24','jpg','/srv/www/travelblog/web/media/IMG20101007_012.jpg',30,NULL,'/srv/www/travelblog/web/thumbs/b496b019a443c16e31ccad208219540b.jpg'),(324,'2010-10-07 12:26:32','jpg','/srv/www/travelblog/web/media/IMG20101007_002.jpg',30,NULL,'/srv/www/travelblog/web/thumbs/4434d7a330c77ba958d3f087994e31ef.jpg'),(325,'2010-10-06 13:58:52','jpg','/srv/www/travelblog/web/media/IMG20101006_007.jpg',29,NULL,'/srv/www/travelblog/web/thumbs/3cdbc1abe1985a86c23cb24cfc63b179.jpg'),(326,'2010-10-07 13:02:26','jpg','/srv/www/travelblog/web/media/IMG20101007_003.jpg',30,NULL,'/srv/www/travelblog/web/thumbs/3785cc43cd0f7c97b55d15ce57596e16.jpg'),(327,'2010-10-06 14:17:04','jpg','/srv/www/travelblog/web/media/IMG20101006_011.jpg',29,NULL,'/srv/www/travelblog/web/thumbs/7b3e514388b1d8c5a11bab6247192015.jpg'),(328,'2010-10-08 12:15:40','jpg','/srv/www/travelblog/web/media/IMG20101008_005.jpg',31,NULL,'/srv/www/travelblog/web/thumbs/e4020d7c8def7df2479a9cd2d7699177.jpg'),(329,'2010-10-06 13:59:22','jpg','/srv/www/travelblog/web/media/IMG20101006_009.jpg',29,NULL,'/srv/www/travelblog/web/thumbs/d08fa547e4f165d2b84aaad0f27fa411.jpg'),(330,'2010-10-11 10:47:46','jpg','/srv/www/travelblog/web/media/IMG20101011_004.jpg',33,NULL,'/srv/www/travelblog/web/thumbs/7bfc3b4b255674e2ff701162576d1a97.jpg'),(331,'2010-10-11 10:42:58','jpg','/srv/www/travelblog/web/media/IMG20101011_002.jpg',33,NULL,'/srv/www/travelblog/web/thumbs/a53d65c9e63d353080d1c46e686db38d.jpg'),(332,'2010-10-12 14:53:06','jpg','/srv/www/travelblog/web/media/IMG20101012_016.jpg',34,NULL,'/srv/www/travelblog/web/thumbs/698812fb52e9e576cf66d8e50a9024bd.jpg'),(333,'2010-10-12 14:50:22','jpg','/srv/www/travelblog/web/media/IMG20101012_015.jpg',34,NULL,'/srv/www/travelblog/web/thumbs/ca85b74a16bff34d56fe8f44fcc4c240.jpg'),(334,'2010-10-12 13:26:04','jpg','/srv/www/travelblog/web/media/IMG20101012_010.jpg',34,NULL,'/srv/www/travelblog/web/thumbs/55e610b328ce5aa69f234f2d11746efc.jpg'),(335,'2010-10-11 13:20:36','jpg','/srv/www/travelblog/web/media/IMG20101011_012.jpg',33,NULL,'/srv/www/travelblog/web/thumbs/1842565dc45305dcd4d4ee0ee78ada6b.jpg'),(336,'2010-10-11 16:20:02','jpg','/srv/www/travelblog/web/media/IMG20101011_018.jpg',33,NULL,'/srv/www/travelblog/web/thumbs/284da77a304b3c99d3cacf2c350ce040.jpg'),(337,'2010-10-12 13:31:32','jpg','/srv/www/travelblog/web/media/IMG20101012_014.jpg',34,NULL,'/srv/www/travelblog/web/thumbs/1baf16904bb9ceddb703f77d34bb6470.jpg'),(338,'2010-10-11 13:19:56','jpg','/srv/www/travelblog/web/media/IMG20101011_011.jpg',33,NULL,'/srv/www/travelblog/web/thumbs/6783335de980f8d4fe0260ece1ba5c04.jpg'),(339,'2010-10-12 12:04:20','jpg','/srv/www/travelblog/web/media/IMG20101012_005.jpg',34,NULL,'/srv/www/travelblog/web/thumbs/6425a88cc0883152ec859006863c1a32.jpg'),(340,'2010-10-12 07:28:20','jpg','/srv/www/travelblog/web/media/IMG20101012_001.jpg',34,NULL,'/srv/www/travelblog/web/thumbs/0d242f464755fcefe6d25f8493083f27.jpg'),(341,'2010-10-11 10:19:34','jpg','/srv/www/travelblog/web/media/IMG20101011_001.jpg',33,NULL,'/srv/www/travelblog/web/thumbs/21573df21703e8bd4860f2f83c4b6386.jpg'),(342,'2010-10-11 16:52:54','jpg','/srv/www/travelblog/web/media/IMG20101011_021.jpg',33,NULL,'/srv/www/travelblog/web/thumbs/d0b5c9b91ac6e5dd8708bbaaf2ef79dd.jpg'),(343,'2010-10-13 10:33:10','jpg','/srv/www/travelblog/web/media/IMG20101013_004.jpg',35,NULL,'/srv/www/travelblog/web/thumbs/137c1e9e20c656db6660c155fa338d1d.jpg'),(344,'2010-10-12 17:29:52','jpg','/srv/www/travelblog/web/media/IMG20101012_018.jpg',34,NULL,'/srv/www/travelblog/web/thumbs/b0d6a3b34fd8963632fd1609bd21066a.jpg'),(345,'2010-10-11 15:45:28','jpg','/srv/www/travelblog/web/media/IMG20101011_017.jpg',33,NULL,'/srv/www/travelblog/web/thumbs/cc370b405eadb50b28740df2171ec727.jpg'),(346,'2010-10-13 09:23:44','jpg','/srv/www/travelblog/web/media/IMG20101013_003.jpg',35,NULL,'/srv/www/travelblog/web/thumbs/d0ede41d012bdc575d6e7452fe1e3cba.jpg'),(347,'2010-10-11 13:13:40','jpg','/srv/www/travelblog/web/media/IMG20101011_010.jpg',33,NULL,'/srv/www/travelblog/web/thumbs/534d995ff6c879020e17911f7f9eabce.jpg'),(348,'2010-10-11 15:17:00','jpg','/srv/www/travelblog/web/media/IMG20101011_016.jpg',33,NULL,'/srv/www/travelblog/web/thumbs/dc6b2ba2541205099c4d0c5269246e7a.jpg'),(349,'2010-10-12 12:34:50','jpg','/srv/www/travelblog/web/media/IMG20101012_007.jpg',34,NULL,'/srv/www/travelblog/web/thumbs/28a4398b51e69349553fd654924c66c5.jpg'),(350,'2010-10-12 13:30:40','jpg','/srv/www/travelblog/web/media/IMG20101012_012.jpg',34,NULL,'/srv/www/travelblog/web/thumbs/d24c479d3c8e3a8f10919144d2d4ff39.jpg'),(351,'2010-10-11 10:47:06','jpg','/srv/www/travelblog/web/media/IMG20101011_003.jpg',33,NULL,'/srv/www/travelblog/web/thumbs/6c3c8b6f314575c4215e751a96c97b49.jpg'),(352,'2010-10-13 11:02:18','jpg','/srv/www/travelblog/web/media/IMG20101013_008.jpg',35,NULL,'/srv/www/travelblog/web/thumbs/256e6b99c847b860b5057f014d1ec99f.jpg'),(353,'2010-10-11 16:48:10','jpg','/srv/www/travelblog/web/media/IMG20101011_019.jpg',33,NULL,'/srv/www/travelblog/web/thumbs/3919c47f8d4dc7bf85a69dd2346aea94.jpg'),(354,'2010-10-13 10:33:20','jpg','/srv/www/travelblog/web/media/IMG20101013_005.jpg',35,NULL,'/srv/www/travelblog/web/thumbs/80c84f5044e9a25072bf89e0947fb305.jpg'),(355,'2010-10-12 12:34:32','jpg','/srv/www/travelblog/web/media/IMG20101012_006.jpg',34,NULL,'/srv/www/travelblog/web/thumbs/0b267b4a2980e07550a52cb6d91c1496.jpg'),(356,'2010-10-13 08:42:44','jpg','/srv/www/travelblog/web/media/IMG20101013_001.jpg',35,NULL,'/srv/www/travelblog/web/thumbs/5298af07bda66b73e8f53e5bde1713ad.jpg'),(357,'2010-10-13 11:02:12','jpg','/srv/www/travelblog/web/media/IMG20101013_007.jpg',35,NULL,'/srv/www/travelblog/web/thumbs/e0a7f9c6a322be33de9624c7001ec76d.jpg'),(358,'2010-10-11 14:01:14','jpg','/srv/www/travelblog/web/media/IMG20101011_014.jpg',33,NULL,'/srv/www/travelblog/web/thumbs/9fcd170acdc5eb8455de32172fe233a4.jpg'),(359,'2010-10-11 10:50:04','jpg','/srv/www/travelblog/web/media/IMG20101011_006.jpg',33,NULL,'/srv/www/travelblog/web/thumbs/3b02faa0b60f19d9f84a1265a6c99470.jpg'),(360,'2010-10-11 17:08:46','mp4','/srv/www/travelblog/web/media/MOV20101011_002.mp4',33,NULL,NULL),(361,'2010-10-13 13:10:16','jpg','/srv/www/travelblog/web/media/IMG20101013_009.jpg',35,NULL,'/srv/www/travelblog/web/thumbs/2bd59094a8277d73b95c20c1445b4a75.jpg'),(362,'2010-10-13 09:06:50','jpg','/srv/www/travelblog/web/media/IMG20101013_002.jpg',35,NULL,'/srv/www/travelblog/web/thumbs/26d6939fbd68bd4f6e76d5a055524e65.jpg'),(363,'2010-10-11 15:16:42','jpg','/srv/www/travelblog/web/media/IMG20101011_015.jpg',33,NULL,'/srv/www/travelblog/web/thumbs/c9f4cb65c986eb40e80d341578ee7af0.jpg'),(364,'2010-10-12 13:29:40','jpg','/srv/www/travelblog/web/media/IMG20101012_011.jpg',34,NULL,'/srv/www/travelblog/web/thumbs/9da3595adcbf4ea46d67123d8943a92e.jpg'),(365,'2010-10-12 11:04:40','jpg','/srv/www/travelblog/web/media/IMG20101012_004.jpg',34,NULL,'/srv/www/travelblog/web/thumbs/7f29c706a5b4e374c1c6beeb59d3a86e.jpg'),(366,'2010-10-12 07:29:04','jpg','/srv/www/travelblog/web/media/IMG20101012_002.jpg',34,NULL,'/srv/www/travelblog/web/thumbs/f8f9ad26b86435fa31d0ae8ec471af11.jpg'),(367,'2010-10-12 14:57:44','mp4','/srv/www/travelblog/web/media/MOV20101012_002.mp4',34,NULL,NULL),(368,'2010-10-11 10:48:28','jpg','/srv/www/travelblog/web/media/IMG20101011_005.jpg',33,NULL,'/srv/www/travelblog/web/thumbs/1db8d7b7f0b6258bd1f446fec22ad5de.jpg'),(369,'2010-10-12 16:59:00','jpg','/srv/www/travelblog/web/media/IMG20101012_017.jpg',34,NULL,'/srv/www/travelblog/web/thumbs/609bda86709166657e10f161142b81ed.jpg'),(370,'2010-10-13 19:10:35','.gz','/srv/www/travelblog/web/media/newphoto.tar.gz',35,NULL,NULL),(371,'2010-10-12 13:39:34','mp4','/srv/www/travelblog/web/media/MOV20101012_001.mp4',34,NULL,NULL),(372,'2010-10-13 10:33:32','jpg','/srv/www/travelblog/web/media/IMG20101013_006.jpg',35,NULL,'/srv/www/travelblog/web/thumbs/e5aa8067bac24abb8174e224cb402d52.jpg'),(373,'2010-10-11 16:52:32','jpg','/srv/www/travelblog/web/media/IMG20101011_020.jpg',33,NULL,'/srv/www/travelblog/web/thumbs/a462da0a0e14c67c6aaf3eb96dec133f.jpg'),(374,'2010-10-11 16:53:18','jpg','/srv/www/travelblog/web/media/IMG20101011_022.jpg',33,NULL,'/srv/www/travelblog/web/thumbs/d40c4271184db9c1a479854688ae6138.jpg'),(375,'2010-10-11 10:54:22','jpg','/srv/www/travelblog/web/media/IMG20101011_008.jpg',33,NULL,'/srv/www/travelblog/web/thumbs/ad107cad1560072f720ddb33ff18e5cc.jpg'),(376,'2010-10-11 10:50:22','jpg','/srv/www/travelblog/web/media/IMG20101011_007.jpg',33,NULL,'/srv/www/travelblog/web/thumbs/0566a1924bda9e451fb2a8079e918021.jpg'),(377,'2010-10-11 12:14:56','jpg','/srv/www/travelblog/web/media/IMG20101011_009.jpg',33,NULL,'/srv/www/travelblog/web/thumbs/a44394503491c315f7c139eba63d9a71.jpg'),(378,'2010-10-12 13:01:36','jpg','/srv/www/travelblog/web/media/IMG20101012_009.jpg',34,NULL,'/srv/www/travelblog/web/thumbs/c44dfc4cee97c9f027499c756448e877.jpg'),(379,'2010-10-12 13:30:58','jpg','/srv/www/travelblog/web/media/IMG20101012_013.jpg',34,NULL,'/srv/www/travelblog/web/thumbs/3db9cd32183b43a7676a072e0a01d5d2.jpg'),(380,'2010-10-12 12:52:14','jpg','/srv/www/travelblog/web/media/IMG20101012_008.jpg',34,NULL,'/srv/www/travelblog/web/thumbs/c9b0b9226ca632f5179289450f57c190.jpg'),(381,'2010-10-12 10:22:20','jpg','/srv/www/travelblog/web/media/IMG20101012_003.jpg',34,NULL,'/srv/www/travelblog/web/thumbs/584c78120cada8ec29c4f4c65989161f.jpg'),(382,'2010-10-11 17:05:46','mp4','/srv/www/travelblog/web/media/MOV20101011_001.mp4',33,NULL,NULL),(383,'2010-10-11 14:00:52','jpg','/srv/www/travelblog/web/media/IMG20101011_013.jpg',33,NULL,'/srv/www/travelblog/web/thumbs/d0667fff744e0e71f816056fdae26ed8.jpg'),(384,'2010-10-16 16:30:58','jpg','/srv/www/travelblog/web/media/IMG20101016_009.jpg',37,NULL,'/srv/www/travelblog/web/thumbs/68d42dc4bb664e15df44f072f6c66223.jpg'),(385,'2010-10-16 10:52:38','jpg','/srv/www/travelblog/web/media/IMG20101016_003.jpg',37,NULL,'/srv/www/travelblog/web/thumbs/3e6e40894af781014127e76f80583133.jpg'),(386,'2010-10-14 12:07:58','jpg','/srv/www/travelblog/web/media/IMG20101014_009.jpg',36,NULL,'/srv/www/travelblog/web/thumbs/a053059cbcd9a1bddb6a15cdbd848741.jpg'),(387,'2010-10-14 10:18:04','jpg','/srv/www/travelblog/web/media/IMG20101014_004.jpg',36,NULL,'/srv/www/travelblog/web/thumbs/1fa64864529f7b816219042d6349b27d.jpg'),(388,'2010-10-16 17:27:16','jpg','/srv/www/travelblog/web/media/IMG20101016_010.jpg',37,NULL,'/srv/www/travelblog/web/thumbs/d19d63b47b7353563daeee3104eb0aab.jpg'),(389,'2010-10-16 10:52:26','jpg','/srv/www/travelblog/web/media/IMG20101016_001.jpg',37,NULL,'/srv/www/travelblog/web/thumbs/7a48f136cc6d6f46da6300557f98900e.jpg'),(390,'2010-10-14 08:32:58','jpg','/srv/www/travelblog/web/media/IMG20101014_001.jpg',36,NULL,'/srv/www/travelblog/web/thumbs/f4bf8086654868b0fc87561050477f6f.jpg'),(391,'2010-10-14 12:07:54','jpg','/srv/www/travelblog/web/media/IMG20101014_008.jpg',36,NULL,'/srv/www/travelblog/web/thumbs/783e5611472df75b96e69fd8ef5ce051.jpg'),(392,'2010-10-16 18:34:16','jpg','/srv/www/travelblog/web/media/IMG20101016_012.jpg',37,NULL,'/srv/www/travelblog/web/thumbs/fb75bdb89cccb264ae714ba158ebd1c7.jpg'),(393,'2010-10-16 15:37:10','jpg','/srv/www/travelblog/web/media/IMG20101016_007.jpg',37,NULL,'/srv/www/travelblog/web/thumbs/83d09d8549f95dededa4cb0e4e4bda34.jpg'),(394,'2010-10-16 14:19:44','jpg','/srv/www/travelblog/web/media/IMG20101016_004.jpg',37,NULL,'/srv/www/travelblog/web/thumbs/955c4680b7d8796bf084015ef6f9eaf2.jpg'),(395,'2010-10-16 18:33:58','jpg','/srv/www/travelblog/web/media/IMG20101016_011.jpg',37,NULL,'/srv/www/travelblog/web/thumbs/ca8d0437aebdc33ca16ac12e90d31467.jpg'),(396,'2010-10-16 14:19:58','jpg','/srv/www/travelblog/web/media/IMG20101016_005.jpg',37,NULL,'/srv/www/travelblog/web/thumbs/e8e73ee1c6981fc4c5d7b8718f78a498.jpg'),(397,'2010-10-15 09:05:36','jpg','/srv/www/travelblog/web/media/IMG20101015_002.jpg',NULL,NULL,'/srv/www/travelblog/web/thumbs/a1ab3db5bfa9e9ec10001dcc3037125e.jpg'),(398,'2010-10-14 12:11:44','jpg','/srv/www/travelblog/web/media/IMG20101014_010.jpg',36,NULL,'/srv/www/travelblog/web/thumbs/e0f086dae1f3701c2b26e18e36290d73.jpg'),(399,'2010-10-15 09:05:24','jpg','/srv/www/travelblog/web/media/IMG20101015_001.jpg',NULL,NULL,'/srv/www/travelblog/web/thumbs/dee6d5d974460d48f0c7151433ed5be0.jpg'),(400,'2010-10-15 12:26:58','jpg','/srv/www/travelblog/web/media/IMG20101015_004.jpg',NULL,NULL,'/srv/www/travelblog/web/thumbs/1eda348c2925d53e47ac454a1bd2c185.jpg'),(401,'2010-10-15 11:36:20','jpg','/srv/www/travelblog/web/media/IMG20101015_007.jpg',NULL,NULL,'/srv/www/travelblog/web/thumbs/ec493689301ce91c90c9d0019bbf1a54.jpg'),(402,'2010-10-16 14:34:28','jpg','/srv/www/travelblog/web/media/IMG20101016_006.jpg',37,NULL,'/srv/www/travelblog/web/thumbs/bec30df61d168bf09864e8de9d3c4f84.jpg'),(403,'2010-10-16 15:59:30','jpg','/srv/www/travelblog/web/media/IMG20101016_008.jpg',37,NULL,'/srv/www/travelblog/web/thumbs/630ee8232dc22d8ffce9fd54b5f12614.jpg'),(404,'2010-10-15 11:36:46','jpg','/srv/www/travelblog/web/media/IMG20101015_008.jpg',NULL,NULL,'/srv/www/travelblog/web/thumbs/e1ca56c493eae522d1b2082b026a7337.jpg'),(405,'2010-10-15 12:27:40','jpg','/srv/www/travelblog/web/media/IMG20101015_005.jpg',NULL,NULL,'/srv/www/travelblog/web/thumbs/fc215447afbcb79f2c38b319beeede81.jpg'),(406,'2010-10-14 10:40:44','jpg','/srv/www/travelblog/web/media/IMG20101014_006.jpg',36,NULL,'/srv/www/travelblog/web/thumbs/54ca39e67f69dc4807b55d907842f572.jpg'),(407,'2010-10-14 10:18:10','jpg','/srv/www/travelblog/web/media/IMG20101014_005.jpg',36,NULL,'/srv/www/travelblog/web/thumbs/f4efaade9134d48daeebece47fbce958.jpg'),(408,'2010-10-14 10:09:34','jpg','/srv/www/travelblog/web/media/IMG20101014_002.jpg',36,NULL,'/srv/www/travelblog/web/thumbs/3e0f966dc7b7ce9bfd5b4df61d7bb0d7.jpg'),(409,'2010-10-14 10:40:52','jpg','/srv/www/travelblog/web/media/IMG20101014_007.jpg',36,NULL,'/srv/www/travelblog/web/thumbs/0877ca123bfbab98f4247b8469deb602.jpg'),(410,'2010-10-14 13:49:28','jpg','/srv/www/travelblog/web/media/IMG20101014_011.jpg',36,NULL,'/srv/www/travelblog/web/thumbs/90c5d84a1be2ebdabe5fd2a7cc290eb0.jpg'),(411,'2010-10-15 11:36:00','jpg','/srv/www/travelblog/web/media/IMG20101015_006.jpg',NULL,NULL,'/srv/www/travelblog/web/thumbs/f0d82c3bb2b3c20e087da3d73d8336ac.jpg'),(412,'2010-10-15 12:26:30','jpg','/srv/www/travelblog/web/media/IMG20101015_003.jpg',NULL,NULL,'/srv/www/travelblog/web/thumbs/5879badc63a89184f7a8b5d546efa589.jpg'),(413,'2010-10-15 11:37:12','jpg','/srv/www/travelblog/web/media/IMG20101015_009.jpg',NULL,NULL,'/srv/www/travelblog/web/thumbs/20fbee9aa35ed35544f4b6b922d936fe.jpg'),(414,'2010-10-15 11:37:40','jpg','/srv/www/travelblog/web/media/IMG20101015_010.jpg',NULL,NULL,'/srv/www/travelblog/web/thumbs/2c73c6370e85fdce3596223c6a2f6311.jpg'),(415,'2010-10-14 10:09:48','jpg','/srv/www/travelblog/web/media/IMG20101014_003.jpg',36,NULL,'/srv/www/travelblog/web/thumbs/cd9a7d70f9b433a8d1fd92aea32533fd.jpg'),(416,'2010-10-14 14:08:28','jpg','/srv/www/travelblog/web/media/IMG20101014_012.jpg',36,NULL,'/srv/www/travelblog/web/thumbs/60fcf77719dee4e6ede51c55da1caf82.jpg'),(417,'2010-10-16 10:52:32','jpg','/srv/www/travelblog/web/media/IMG20101016_002.jpg',37,NULL,'/srv/www/travelblog/web/thumbs/6e259a0662e3406c49f6ab0cba16031e.jpg'),(418,'2010-10-17 12:49:16','jpg','/srv/www/travelblog/web/media/IMG20101017_005.jpg',38,NULL,'/srv/www/travelblog/web/thumbs/37c7add567016dc421d6bc86117ae0a8.jpg'),(419,'2010-10-17 11:15:02','jpg','/srv/www/travelblog/web/media/IMG20101017_004.jpg',38,NULL,'/srv/www/travelblog/web/thumbs/2cec72d9e7dde991406d5b087a5ed04d.jpg'),(420,'2010-10-17 14:08:46','jpg','/srv/www/travelblog/web/media/IMG20101017_009.jpg',38,NULL,'/srv/www/travelblog/web/thumbs/e73c92591ec072bcd8d50bc152223712.jpg'),(421,'2010-10-17 11:01:50','jpg','/srv/www/travelblog/web/media/IMG20101017_002.jpg',38,NULL,'/srv/www/travelblog/web/thumbs/f7e1c6302830c15e1225a8563cd9a0ca.jpg'),(422,'2010-10-17 17:30:40','jpg','/srv/www/travelblog/web/media/IMG20101017_012.jpg',38,NULL,'/srv/www/travelblog/web/thumbs/00f87c400fac0132cb21492575d28bc9.jpg'),(423,'2010-10-18 21:11:14','krK','/srv/www/travelblog/web/media/.IMG20101017_002.jpg.GqBkrK',NULL,NULL,NULL),(424,'2010-10-08 15:15:28','jpg','/srv/www/travelblog/web/media/IMG20101008_008.jpg',31,NULL,'/srv/www/travelblog/web/thumbs/ab66908b29bc11d1afe5a58174cde0d8.jpg'),(425,'2010-10-17 17:11:54','jpg','/srv/www/travelblog/web/media/IMG20101017_010.jpg',38,NULL,'/srv/www/travelblog/web/thumbs/387aae00ab60102fe7d9d525a5592bc9.jpg'),(426,'2010-10-17 11:14:12','jpg','/srv/www/travelblog/web/media/IMG20101017_003.jpg',38,NULL,'/srv/www/travelblog/web/thumbs/7cbebfb92b2d5a1fb8be2b1eb31211ce.jpg'),(427,'2010-10-17 10:56:16','jpg','/srv/www/travelblog/web/media/IMG20101017_001.jpg',38,NULL,'/srv/www/travelblog/web/thumbs/a83a5ce9716fa0af0a1b383ddb25e630.jpg'),(428,'2010-10-18 10:31:40','jpg','/srv/www/travelblog/web/media/IMG20101018_001.jpg',NULL,NULL,'/srv/www/travelblog/web/thumbs/87b86061a5e2777604f9f7a448024194.jpg'),(429,'2010-10-17 13:20:38','jpg','/srv/www/travelblog/web/media/IMG20101017_007.jpg',38,NULL,'/srv/www/travelblog/web/thumbs/f10291f274f2cdd0cf216b2c358625e8.jpg'),(430,'2010-10-17 13:22:40','jpg','/srv/www/travelblog/web/media/IMG20101017_008.jpg',38,NULL,'/srv/www/travelblog/web/thumbs/05aa869e751ae8e22a41e2e4ad6c8de3.jpg'),(431,'2010-10-08 15:21:34','jpg','/srv/www/travelblog/web/media/IMG20101008_009.jpg',31,NULL,'/srv/www/travelblog/web/thumbs/405a231f0f7075922292ba730488a0b8.jpg'),(432,'2010-10-18 10:31:48','jpg','/srv/www/travelblog/web/media/IMG20101018_002.jpg',NULL,NULL,'/srv/www/travelblog/web/thumbs/825dcfc6bbcf5103bbd24007b6976fb6.jpg'),(433,'2010-10-17 17:13:12','jpg','/srv/www/travelblog/web/media/IMG20101017_011.jpg',38,NULL,'/srv/www/travelblog/web/thumbs/4854f39b6fb9ad0b76c5cbc1c2e3511a.jpg'),(434,'2010-10-17 13:14:46','jpg','/srv/www/travelblog/web/media/IMG20101017_006.jpg',38,NULL,'/srv/www/travelblog/web/thumbs/49b8b22323f24adf7b6f670d7fb66b6e.jpg'),(435,'2010-10-05 13:54:18','mp4','/srv/www/travelblog/web/media/MOV20101005_004.mp4',28,NULL,NULL),(436,'2010-10-19 15:30:24','jpg','/srv/www/travelblog/web/media/IMG20101019_013.jpg',39,NULL,'/srv/www/travelblog/web/thumbs/e07dca60ef55253c61ea254ac080a866.jpg'),(437,'2010-10-19 16:22:58','jpg','/srv/www/travelblog/web/media/IMG20101019_014.jpg',39,NULL,'/srv/www/travelblog/web/thumbs/a1616774ea19b90e1b074eae3b0b6226.jpg'),(438,'2010-10-05 13:52:12','mp4','/srv/www/travelblog/web/media/MOV20101005_003.mp4',28,NULL,NULL),(439,'2010-10-19 16:28:48','jpg','/srv/www/travelblog/web/media/IMG20101019_019.jpg',39,NULL,'/srv/www/travelblog/web/thumbs/6002a3633894db31a9eb65541cef8c19.jpg'),(440,'2010-10-19 14:48:54','jpg','/srv/www/travelblog/web/media/IMG20101019_008.jpg',39,NULL,'/srv/www/travelblog/web/thumbs/c99b70887fb3f7f4603d573fb897a264.jpg'),(441,'2010-10-05 12:20:48','mp4','/srv/www/travelblog/web/media/MOV20101005_001.mp4',28,NULL,NULL),(442,'2010-10-19 15:29:22','jpg','/srv/www/travelblog/web/media/IMG20101019_011.jpg',39,NULL,'/srv/www/travelblog/web/thumbs/2e9aac4650548cbefe76a271c2609b79.jpg'),(443,'2010-10-05 13:59:26','mp4','/srv/www/travelblog/web/media/MOV20101005_005.mp4',28,NULL,NULL),(444,'2010-10-19 12:39:06','jpg','/srv/www/travelblog/web/media/IMG20101019_005.jpg',39,NULL,'/srv/www/travelblog/web/thumbs/c3a9a01e3bf688e3846644ce1a7c16a6.jpg'),(445,'2010-10-19 13:08:24','jpg','/srv/www/travelblog/web/media/IMG20101019_006.jpg',39,NULL,'/srv/www/travelblog/web/thumbs/6ee27b785df501fd1707e39c5628b24d.jpg'),(446,'2010-10-19 09:58:14','jpg','/srv/www/travelblog/web/media/IMG20101019_001.jpg',39,NULL,'/srv/www/travelblog/web/thumbs/ce6fafa90ba824c4cd1ee9edcc7f4c47.jpg'),(447,'2010-10-19 15:29:34','jpg','/srv/www/travelblog/web/media/IMG20101019_012.jpg',39,NULL,'/srv/www/travelblog/web/thumbs/1648b7072a58384282fc201bf579efa7.jpg'),(448,'2010-10-19 15:13:40','jpg','/srv/www/travelblog/web/media/IMG20101019_009.jpg',39,NULL,'/srv/www/travelblog/web/thumbs/08712e57e0b925d2ca64271aaa33018f.jpg'),(449,'2010-10-05 14:57:44','mp4','/srv/www/travelblog/web/media/MOV20101005_006.mp4',28,NULL,NULL),(450,'2010-10-05 13:51:52','mp4','/srv/www/travelblog/web/media/MOV20101005_002.mp4',28,NULL,NULL),(451,'2010-10-19 17:00:58','jpg','/srv/www/travelblog/web/media/IMG20101019_020.jpg',39,NULL,'/srv/www/travelblog/web/thumbs/ad13e844e99730cc0bbf92b696bdada3.jpg'),(452,'2010-10-19 11:32:08','jpg','/srv/www/travelblog/web/media/IMG20101019_004.jpg',39,NULL,'/srv/www/travelblog/web/thumbs/0683ccd219f28a9053271b203cefd5e5.jpg'),(453,'2010-10-19 16:24:04','jpg','/srv/www/travelblog/web/media/IMG20101019_015.jpg',39,NULL,'/srv/www/travelblog/web/thumbs/a731d37b5ae0226f2c6e2eeb5587802a.jpg'),(454,'2010-10-19 11:09:26','jpg','/srv/www/travelblog/web/media/IMG20101019_003.jpg',39,NULL,'/srv/www/travelblog/web/thumbs/d6ea3fdd5037610a13139b06ebdcea88.jpg'),(455,'2010-10-19 15:29:12','jpg','/srv/www/travelblog/web/media/IMG20101019_010.jpg',39,NULL,'/srv/www/travelblog/web/thumbs/13f52bdbed6d45bd9bfc0847ab62e2e2.jpg'),(456,'2010-10-19 16:26:48','jpg','/srv/www/travelblog/web/media/IMG20101019_017.jpg',39,NULL,'/srv/www/travelblog/web/thumbs/9f833f996a55f85ee0ff36b5d3a9102c.jpg'),(457,'2010-10-19 16:24:10','jpg','/srv/www/travelblog/web/media/IMG20101019_016.jpg',39,NULL,'/srv/www/travelblog/web/thumbs/67b89d054bd52d3f37361efba0f2751a.jpg'),(458,'2010-10-19 17:19:36','jpg','/srv/www/travelblog/web/media/IMG20101019_023.jpg',39,NULL,'/srv/www/travelblog/web/thumbs/80e35bbcf01a36ad365856269affed6e.jpg'),(459,'2010-10-19 13:08:28','jpg','/srv/www/travelblog/web/media/IMG20101019_007.jpg',39,NULL,'/srv/www/travelblog/web/thumbs/378be032b56836fa6875364bcdc8ecfc.jpg'),(460,'2010-10-03 16:28:34','mp4','/srv/www/travelblog/web/media/MOV20101003_002.mp4',26,NULL,NULL),(461,'2010-10-03 16:36:58','mp4','/srv/www/travelblog/web/media/MOV20101003_003.mp4',26,NULL,NULL),(462,'2010-10-19 09:58:36','jpg','/srv/www/travelblog/web/media/IMG20101019_002.jpg',39,NULL,'/srv/www/travelblog/web/thumbs/a478dddab167de5e50dc74ad421e29fd.jpg'),(463,'2010-10-03 16:18:40','mp4','/srv/www/travelblog/web/media/MOV20101003_001.mp4',26,NULL,NULL),(464,'2010-10-19 16:28:44','jpg','/srv/www/travelblog/web/media/IMG20101019_018.jpg',39,NULL,'/srv/www/travelblog/web/thumbs/08aaebe6265d2efdecc9c30077bb06d7.jpg'),(465,'2010-10-19 17:11:38','jpg','/srv/www/travelblog/web/media/IMG20101019_021.jpg',39,NULL,'/srv/www/travelblog/web/thumbs/b52b2be7c3d33c1ee65885a30834409a.jpg'),(466,'2010-10-06 14:21:32','mp4','/srv/www/travelblog/web/media/MOV20101006_001.mp4',29,NULL,NULL),(467,'2010-10-19 17:19:28','jpg','/srv/www/travelblog/web/media/IMG20101019_022.jpg',39,NULL,'/srv/www/travelblog/web/thumbs/13ca5b256e562b8e2a9713f971cea214.jpg'),(468,'2010-10-08 11:11:08','mp4','/srv/www/travelblog/web/media/MOV20101008_002.mp4',31,NULL,NULL),(469,'2010-10-21 13:54:50','jpg','/srv/www/travelblog/web/media/IMG20101021_002.jpg',NULL,NULL,'/srv/www/travelblog/web/thumbs/44438133a3cafce22b13640f3613f77c.jpg'),(470,'2010-10-21 14:37:20','jpg','/srv/www/travelblog/web/media/IMG20101021_004.jpg',NULL,NULL,'/srv/www/travelblog/web/thumbs/d0f4cc9421f264e7e8c9b92153873093.jpg'),(471,'2010-10-07 14:07:42','mp4','/srv/www/travelblog/web/media/MOV20101007_003.mp4',30,NULL,NULL),(472,'2010-10-19 16:28:30','mp4','/srv/www/travelblog/web/media/MOV20101019_001.mp4',39,NULL,NULL),(473,'2010-10-08 11:51:18','mp4','/srv/www/travelblog/web/media/MOV20101008_003.mp4',31,NULL,NULL),(474,'2010-10-07 14:21:44','mp4','/srv/www/travelblog/web/media/MOV20101007_004.mp4',30,NULL,NULL),(475,'2010-10-08 11:59:20','mp4','/srv/www/travelblog/web/media/MOV20101008_004.mp4',31,NULL,NULL),(476,'2010-10-08 15:22:12','mp4','/srv/www/travelblog/web/media/MOV20101008_006.mp4',31,NULL,NULL),(477,'2010-10-07 14:02:36','mp4','/srv/www/travelblog/web/media/MOV20101007_002.mp4',30,NULL,NULL),(478,'2010-10-06 14:23:56','mp4','/srv/www/travelblog/web/media/MOV20101006_002.mp4',29,NULL,NULL),(479,'2010-10-08 15:16:24','mp4','/srv/www/travelblog/web/media/MOV20101008_005.mp4',31,NULL,NULL),(480,'2010-10-21 13:54:58','jpg','/srv/www/travelblog/web/media/IMG20101021_003.jpg',NULL,NULL,'/srv/www/travelblog/web/thumbs/6bb9017b20210bac13a028d18d8fe402.jpg'),(481,'2010-10-21 14:37:42','jpg','/srv/www/travelblog/web/media/IMG20101021_005.jpg',NULL,NULL,'/srv/www/travelblog/web/thumbs/8d0243783ae418ef28ce7f83210b8a9d.jpg'),(482,'2010-10-21 13:40:52','jpg','/srv/www/travelblog/web/media/IMG20101021_001.jpg',NULL,NULL,'/srv/www/travelblog/web/thumbs/28530be838ae3458a14dc6a8e88b8528.jpg'),(483,'2010-10-07 13:44:06','mp4','/srv/www/travelblog/web/media/MOV20101007_001.mp4',30,NULL,NULL),(484,'2010-10-24 15:35:44','jpg','/srv/www/travelblog/web/media/IMG20101024_016.jpg',42,NULL,'/srv/www/travelblog/web/thumbs/2c8415fb1ceca5de6f488bc891c7b1c1.jpg'),(485,'2010-10-21 12:41:02','mp4','/srv/www/travelblog/web/media/MOV20101021_001.mp4',NULL,NULL,NULL),(486,'2010-10-24 10:52:56','jpg','/srv/www/travelblog/web/media/IMG20101024_003.jpg',42,NULL,'/srv/www/travelblog/web/thumbs/bf3d1eeef69d0739c66031581835cc6f.jpg'),(487,'2010-10-24 10:42:58','jpg','/srv/www/travelblog/web/media/IMG20101024_001.jpg',42,NULL,'/srv/www/travelblog/web/thumbs/d90fc256229aaa9812601a3f6d960ab5.jpg'),(488,'2010-10-22 11:01:02','jpg','/srv/www/travelblog/web/media/IMG20101022_001.jpg',41,NULL,'/srv/www/travelblog/web/thumbs/5fbff5ad51216ce90594d633b5c88aa0.jpg'),(489,'2010-10-22 11:42:56','jpg','/srv/www/travelblog/web/media/IMG20101022_006.jpg',41,NULL,'/srv/www/travelblog/web/thumbs/44b85d8c6a605907b0071b178dfca888.jpg'),(490,'2010-10-22 16:22:22','jpg','/srv/www/travelblog/web/media/IMG20101022_014.jpg',41,NULL,'/srv/www/travelblog/web/thumbs/d5ae44a98f4d241f9b70dc7fbcd1118d.jpg'),(491,'2010-10-25 14:01:58','jpg','/srv/www/travelblog/web/media/IMG20101025_003.jpg',NULL,NULL,'/srv/www/travelblog/web/thumbs/46b90327ac0f99e36bfd681f9fef81b3.jpg'),(492,'2010-10-22 12:01:54','jpg','/srv/www/travelblog/web/media/IMG20101022_010.jpg',41,NULL,'/srv/www/travelblog/web/thumbs/e3437ccd8a0c03d8a394f18a10721a73.jpg'),(493,'2010-10-22 12:30:24','jpg','/srv/www/travelblog/web/media/IMG20101022_012.jpg',41,NULL,'/srv/www/travelblog/web/thumbs/014698710ba82ccd1329855590e7ad38.jpg'),(494,'2010-10-22 11:19:02','jpg','/srv/www/travelblog/web/media/IMG20101022_002.jpg',41,NULL,'/srv/www/travelblog/web/thumbs/b6fd0ff54ae7f086104580752cc9f789.jpg'),(495,'2010-10-24 15:51:00','jpg','/srv/www/travelblog/web/media/IMG20101024_018.jpg',42,NULL,'/srv/www/travelblog/web/thumbs/c3858786013e680842ea50b085c75d45.jpg'),(496,'2010-10-24 15:16:10','jpg','/srv/www/travelblog/web/media/IMG20101024_015.jpg',42,NULL,'/srv/www/travelblog/web/thumbs/4939fd55d501b8ba89f0f310000905a4.jpg'),(497,'2010-10-24 15:03:04','jpg','/srv/www/travelblog/web/media/IMG20101024_012.jpg',42,NULL,'/srv/www/travelblog/web/thumbs/ef34f84e0d789de4f2d1beb39c531a2a.jpg'),(498,'2010-10-22 18:13:14','jpg','/srv/www/travelblog/web/media/IMG20101022_016.jpg',41,NULL,'/srv/www/travelblog/web/thumbs/b1f28aab0d2bd13ba3544f43c5ea349e.jpg'),(499,'2010-10-24 15:35:52','jpg','/srv/www/travelblog/web/media/IMG20101024_017.jpg',42,NULL,'/srv/www/travelblog/web/thumbs/b5ad79baf74094834f07fd32408e4676.jpg'),(500,'2010-10-22 16:22:44','jpg','/srv/www/travelblog/web/media/IMG20101022_015.jpg',41,NULL,'/srv/www/travelblog/web/thumbs/199140c00681eb3e641d5f97ded2396e.jpg'),(501,'2010-10-24 14:54:28','jpg','/srv/www/travelblog/web/media/IMG20101024_011.jpg',42,NULL,'/srv/www/travelblog/web/thumbs/258fffe0932a578761de6668b0d9a65e.jpg'),(502,'2010-10-23 17:25:58','jpg','/srv/www/travelblog/web/media/IMG20101023_001.jpg',NULL,NULL,'/srv/www/travelblog/web/thumbs/ab4846d460ce1cf90bd853b63b06e4eb.jpg'),(503,'2010-10-24 12:39:26','jpg','/srv/www/travelblog/web/media/IMG20101024_007.jpg',42,NULL,'/srv/www/travelblog/web/thumbs/7373e1ef5d392f6f153d20e84a864090.jpg'),(504,'2010-10-22 11:59:56','jpg','/srv/www/travelblog/web/media/IMG20101022_009.jpg',41,NULL,'/srv/www/travelblog/web/thumbs/0654b9a1e22e19b2d23b650cff2b087d.jpg'),(505,'2010-10-22 19:02:52','jpg','/srv/www/travelblog/web/media/IMG20101022_019.jpg',41,NULL,'/srv/www/travelblog/web/thumbs/9d5ed3fb2efb8dd828e5433e64122593.jpg'),(506,'2010-10-24 10:52:42','jpg','/srv/www/travelblog/web/media/IMG20101024_002.jpg',42,NULL,'/srv/www/travelblog/web/thumbs/1300304a16e8ed66466e5e3c6ac1e757.jpg'),(507,'2010-10-24 11:53:40','jpg','/srv/www/travelblog/web/media/IMG20101024_005.jpg',42,NULL,'/srv/www/travelblog/web/thumbs/95c49fae1c6ef011f824461ad98e4d4c.jpg'),(508,'2010-10-25 16:28:04','jpg','/srv/www/travelblog/web/media/IMG20101025_008.jpg',NULL,NULL,'/srv/www/travelblog/web/thumbs/95b70645247e676583fbc1453d5d2c83.jpg'),(509,'2010-10-22 11:59:38','jpg','/srv/www/travelblog/web/media/IMG20101022_008.jpg',41,NULL,'/srv/www/travelblog/web/thumbs/8639b23a2c2ccef4f990ffd50a745c83.jpg'),(510,'2010-10-24 11:53:24','jpg','/srv/www/travelblog/web/media/IMG20101024_004.jpg',42,NULL,'/srv/www/travelblog/web/thumbs/5b2165da8eb843cddf313d35b45b0dbf.jpg'),(511,'2010-10-26 08:19:02','jpg','/srv/www/travelblog/web/media/IMG20101026_001.jpg',NULL,NULL,'/srv/www/travelblog/web/thumbs/26f761d0973dca19887b08a9201c794a.jpg'),(512,'2010-10-25 14:02:06','jpg','/srv/www/travelblog/web/media/IMG20101025_004.jpg',NULL,NULL,'/srv/www/travelblog/web/thumbs/778ddbae6acf891bf6bd0e8ed3592d70.jpg'),(513,'2010-10-22 19:02:28','jpg','/srv/www/travelblog/web/media/IMG20101022_017.jpg',41,NULL,'/srv/www/travelblog/web/thumbs/46029a28a2f0f802823acfae91a68f42.jpg'),(514,'2010-10-25 13:44:02','jpg','/srv/www/travelblog/web/media/IMG20101025_001.jpg',NULL,NULL,'/srv/www/travelblog/web/thumbs/d3d4cbb5fe4d14f7b675e1b596c54ead.jpg'),(515,'2010-10-22 11:38:18','jpg','/srv/www/travelblog/web/media/IMG20101022_005.jpg',41,NULL,'/srv/www/travelblog/web/thumbs/06543e1c7f14d5a1669564c5dc79dcb9.jpg'),(516,'2010-10-25 16:32:50','jpg','/srv/www/travelblog/web/media/IMG20101025_009.jpg',NULL,NULL,'/srv/www/travelblog/web/thumbs/57fc655c521ac3deb676a0cd3332f85f.jpg'),(517,'2010-10-22 12:08:58','jpg','/srv/www/travelblog/web/media/IMG20101022_011.jpg',41,NULL,'/srv/www/travelblog/web/thumbs/1bfa4a17d329a57ad73ff9c513eaee93.jpg'),(518,'2010-10-24 15:09:04','jpg','/srv/www/travelblog/web/media/IMG20101024_013.jpg',42,NULL,'/srv/www/travelblog/web/thumbs/c16aa6bb1d2c86211f6f194c067c27ec.jpg'),(519,'2010-10-22 11:36:46','jpg','/srv/www/travelblog/web/media/IMG20101022_004.jpg',41,NULL,'/srv/www/travelblog/web/thumbs/87af050e435e741b92dc86fc9bd8300a.jpg'),(520,'2010-10-22 11:36:30','jpg','/srv/www/travelblog/web/media/IMG20101022_003.jpg',41,NULL,'/srv/www/travelblog/web/thumbs/3fdee2a412c2176171ffe957f974b6b6.jpg'),(521,'2010-10-24 14:48:44','jpg','/srv/www/travelblog/web/media/IMG20101024_010.jpg',42,NULL,'/srv/www/travelblog/web/thumbs/df79394fcb3c839190bc7cc84b8c4479.jpg'),(522,'2010-10-25 16:23:28','jpg','/srv/www/travelblog/web/media/IMG20101025_007.jpg',NULL,NULL,'/srv/www/travelblog/web/thumbs/cb75c423db8541c3122707fa6be3a064.jpg'),(523,'2010-10-25 13:51:16','jpg','/srv/www/travelblog/web/media/IMG20101025_002.jpg',NULL,NULL,'/srv/www/travelblog/web/thumbs/3865ebb365924b5bb9630bae23ef48a2.jpg'),(524,'2010-10-22 19:02:34','jpg','/srv/www/travelblog/web/media/IMG20101022_018.jpg',41,NULL,'/srv/www/travelblog/web/thumbs/6e0168313426dfa95604fb15bab70546.jpg'),(525,'2010-10-24 12:39:18','jpg','/srv/www/travelblog/web/media/IMG20101024_006.jpg',42,NULL,'/srv/www/travelblog/web/thumbs/1e8e320ce9372ffee5a18901cfc6d73c.jpg'),(526,'2010-10-23 17:30:04','jpg','/srv/www/travelblog/web/media/IMG20101023_002.jpg',NULL,NULL,'/srv/www/travelblog/web/thumbs/547205f7451521c0879283e11c845288.jpg'),(527,'2010-10-25 15:52:28','jpg','/srv/www/travelblog/web/media/IMG20101025_005.jpg',NULL,NULL,'/srv/www/travelblog/web/thumbs/82377719433a8cbcf6030c86a96c6003.jpg'),(528,'2010-10-25 15:52:36','jpg','/srv/www/travelblog/web/media/IMG20101025_006.jpg',NULL,NULL,'/srv/www/travelblog/web/thumbs/64ea88175000b6ec442cf63153b3588e.jpg'),(529,'2010-10-24 13:47:12','jpg','/srv/www/travelblog/web/media/IMG20101024_009.jpg',42,NULL,'/srv/www/travelblog/web/thumbs/8cbc715e6ad773dae7475007b73bd0a7.jpg'),(530,'2010-10-24 15:14:02','jpg','/srv/www/travelblog/web/media/IMG20101024_014.jpg',42,NULL,'/srv/www/travelblog/web/thumbs/8b6b5b290276322aa0656a74745614db.jpg'),(531,'2010-10-22 12:53:24','jpg','/srv/www/travelblog/web/media/IMG20101022_013.jpg',41,NULL,'/srv/www/travelblog/web/thumbs/4f46385ccd325e9485e2436ec154b522.jpg'),(532,'2010-10-24 13:19:26','jpg','/srv/www/travelblog/web/media/IMG20101024_008.jpg',42,NULL,'/srv/www/travelblog/web/thumbs/fcd75d6cfa6307222471cf870bae2a15.jpg'),(533,'2010-10-22 11:54:34','jpg','/srv/www/travelblog/web/media/IMG20101022_007.jpg',41,NULL,'/srv/www/travelblog/web/thumbs/d91b2f6981a6f5f27a2770036a92902b.jpg'),(534,'2010-10-27 14:09:44','jpg','/srv/www/travelblog/web/media/IMG20101027_010.jpg',43,NULL,'/srv/www/travelblog/web/thumbs/72f370e44d238daa80fd9deb88b7b605.jpg'),(535,'2010-10-27 13:36:26','jpg','/srv/www/travelblog/web/media/IMG20101027_007.jpg',43,NULL,'/srv/www/travelblog/web/thumbs/072cd645ee4f01fff3f8af0dc5918376.jpg'),(536,'2010-10-27 14:27:28','jpg','/srv/www/travelblog/web/media/IMG20101027_012.jpg',43,NULL,'/srv/www/travelblog/web/thumbs/b36ff8c8616990943a8f698098373315.jpg'),(537,'2010-10-27 15:20:48','jpg','/srv/www/travelblog/web/media/IMG20101027_016.jpg',43,NULL,'/srv/www/travelblog/web/thumbs/a3b1c4eeb1e49a7a452f587a5075e89e.jpg'),(538,'2010-10-27 14:57:12','jpg','/srv/www/travelblog/web/media/IMG20101027_014.jpg',43,NULL,'/srv/www/travelblog/web/thumbs/bd839acb1dcd086fee406558ea76979f.jpg'),(539,'2010-10-27 11:21:00','jpg','/srv/www/travelblog/web/media/IMG20101027_005.jpg',43,NULL,'/srv/www/travelblog/web/thumbs/7d4e5b39b3185bf850e314625082659d.jpg'),(540,'2010-10-27 15:35:26','jpg','/srv/www/travelblog/web/media/IMG20101027_018.jpg',43,NULL,'/srv/www/travelblog/web/thumbs/8a4b2155919c5489f098d28ac032cb0f.jpg'),(541,'2010-10-27 15:22:04','jpg','/srv/www/travelblog/web/media/IMG20101027_017.jpg',43,NULL,'/srv/www/travelblog/web/thumbs/5e16963a36ad09079fe6de1a7f629d9f.jpg'),(542,'2010-10-27 10:30:50','jpg','/srv/www/travelblog/web/media/IMG20101027_002.jpg',43,NULL,'/srv/www/travelblog/web/thumbs/577a2983bc6c0a2ac0d75a6ae745ab63.jpg'),(543,'2010-10-27 14:01:04','jpg','/srv/www/travelblog/web/media/IMG20101027_008.jpg',43,NULL,'/srv/www/travelblog/web/thumbs/9712937c7b8ed8ed8ddc403e368a5f0a.jpg'),(544,'2010-10-27 14:03:20','jpg','/srv/www/travelblog/web/media/IMG20101027_009.jpg',43,NULL,'/srv/www/travelblog/web/thumbs/f87471da53de502f654f77cea48e6c01.jpg'),(545,'2010-10-27 10:10:42','jpg','/srv/www/travelblog/web/media/IMG20101027_001.jpg',43,NULL,'/srv/www/travelblog/web/thumbs/e2e2ad2894e7ad1059183846bcf0590e.jpg'),(546,'2010-10-26 15:23:56','jpg','/srv/www/travelblog/web/media/IMG20101026_002.jpg',NULL,NULL,'/srv/www/travelblog/web/thumbs/fd4140a897bcb1c8a63de0e8a71104af.jpg'),(547,'2010-10-27 10:31:08','jpg','/srv/www/travelblog/web/media/IMG20101027_003.jpg',43,NULL,'/srv/www/travelblog/web/thumbs/b0f676387c730a5e5611f385cc635fc0.jpg'),(548,'2010-10-27 11:35:44','jpg','/srv/www/travelblog/web/media/IMG20101027_006.jpg',43,NULL,'/srv/www/travelblog/web/thumbs/fa21fb27c9471ad487b17938117d113b.jpg'),(549,'2010-10-27 11:03:30','jpg','/srv/www/travelblog/web/media/IMG20101027_004.jpg',43,NULL,'/srv/www/travelblog/web/thumbs/24c4c48594db4da61d4307ff5a67ca05.jpg'),(550,'2010-10-27 15:20:24','jpg','/srv/www/travelblog/web/media/IMG20101027_015.jpg',43,NULL,'/srv/www/travelblog/web/thumbs/b86ec1d0d626668b5d8d82612a083e53.jpg'),(551,'2010-10-27 14:55:36','jpg','/srv/www/travelblog/web/media/IMG20101027_013.jpg',43,NULL,'/srv/www/travelblog/web/thumbs/0a7c94f0e10b1633338bfcac9acb7113.jpg'),(552,'2010-10-27 14:27:16','jpg','/srv/www/travelblog/web/media/IMG20101027_011.jpg',43,NULL,'/srv/www/travelblog/web/thumbs/536a373251b2ecd42456c8a7f619354f.jpg'),(553,'2010-10-29 10:43:04','jpg','/srv/www/travelblog/web/media/IMG20101029_008.jpg',45,NULL,'/srv/www/travelblog/web/thumbs/af3a18425aa7fc7502a1db57b15d018d.jpg'),(554,'2010-10-29 08:13:36','jpg','/srv/www/travelblog/web/media/IMG20101029_001.jpg',45,NULL,'/srv/www/travelblog/web/thumbs/60aa74ded0744b6f059b936b77f19c20.jpg'),(555,'2010-10-28 12:32:42','jpg','/srv/www/travelblog/web/media/IMG20101028_009.jpg',44,NULL,'/srv/www/travelblog/web/thumbs/359607f0500bf5f77f085d6766a3a606.jpg'),(556,'2010-10-29 13:35:56','jpg','/srv/www/travelblog/web/media/IMG20101029_019.jpg',45,NULL,'/srv/www/travelblog/web/thumbs/be54aa004c594d7a1ad9a28e45467dcc.jpg'),(557,'2010-10-29 10:14:14','jpg','/srv/www/travelblog/web/media/IMG20101029_007.jpg',45,NULL,'/srv/www/travelblog/web/thumbs/cd3022590fa57d365cf5d26a3832a221.jpg'),(558,'2010-10-28 16:48:56','jpg','/srv/www/travelblog/web/media/IMG20101028_022.jpg',44,NULL,'/srv/www/travelblog/web/thumbs/1b838f91c7d9b0443d018caba13561c6.jpg'),(559,'2010-10-28 11:10:18','jpg','/srv/www/travelblog/web/media/IMG20101028_005.jpg',44,NULL,'/srv/www/travelblog/web/thumbs/ed7d13a4b01789fe3baf0ead33460a29.jpg'),(560,'2010-10-29 11:07:26','jpg','/srv/www/travelblog/web/media/IMG20101029_012.jpg',45,NULL,'/srv/www/travelblog/web/thumbs/e9e0932820475e863e108013cbc200ff.jpg'),(561,'2010-10-28 16:48:04','jpg','/srv/www/travelblog/web/media/IMG20101028_019.jpg',44,NULL,'/srv/www/travelblog/web/thumbs/19a1488620aa31807c91af8086de1d28.jpg'),(562,'2010-10-28 15:11:56','jpg','/srv/www/travelblog/web/media/IMG20101028_016.jpg',44,NULL,'/srv/www/travelblog/web/thumbs/03d36dc33320b989a4798f31cefa3d2c.jpg'),(563,'2010-10-29 10:55:32','jpg','/srv/www/travelblog/web/media/IMG20101029_009.jpg',45,NULL,'/srv/www/travelblog/web/thumbs/1a55a30d076a50e2e9704415bab0fe48.jpg'),(564,'2010-10-28 13:23:42','jpg','/srv/www/travelblog/web/media/IMG20101028_013.jpg',44,NULL,'/srv/www/travelblog/web/thumbs/28e0cfa33945ecc51699eb1c868204ae.jpg'),(565,'2010-10-28 11:08:16','jpg','/srv/www/travelblog/web/media/IMG20101028_003.jpg',44,NULL,'/srv/www/travelblog/web/thumbs/de2cfc29197015e2c26b45807ed1cc51.jpg'),(566,'2010-10-29 13:52:58','jpg','/srv/www/travelblog/web/media/IMG20101029_020.jpg',45,NULL,'/srv/www/travelblog/web/thumbs/95cebd4b505754998b5c95c40ef4147b.jpg'),(567,'2010-10-29 12:54:56','jpg','/srv/www/travelblog/web/media/IMG20101029_018.jpg',45,NULL,'/srv/www/travelblog/web/thumbs/d500f2665ddd4b0c826e33de5b5d00a4.jpg'),(568,'2010-10-28 13:06:40','jpg','/srv/www/travelblog/web/media/IMG20101028_011.jpg',44,NULL,'/srv/www/travelblog/web/thumbs/6a3ba53d28c4e116a4120c89c0704d30.jpg'),(569,'2010-10-29 10:55:44','jpg','/srv/www/travelblog/web/media/IMG20101029_010.jpg',45,NULL,'/srv/www/travelblog/web/thumbs/f764bae312a781b3949a6bc4a95d204d.jpg'),(570,'2010-10-29 12:08:54','jpg','/srv/www/travelblog/web/media/IMG20101029_015.jpg',45,NULL,'/srv/www/travelblog/web/thumbs/87ff95dddf9528cd198bb5cb7deae41c.jpg'),(571,'2010-10-28 17:38:04','jpg','/srv/www/travelblog/web/media/IMG20101028_023.jpg',44,NULL,'/srv/www/travelblog/web/thumbs/3f788eef17aac0df1f7de7b13ed2b7b4.jpg'),(572,'2010-10-29 11:13:48','jpg','/srv/www/travelblog/web/media/IMG20101029_014.jpg',45,NULL,'/srv/www/travelblog/web/thumbs/7557a98e0f4eedc30db3e52dad9ac1d0.jpg'),(573,'2010-10-28 14:47:02','jpg','/srv/www/travelblog/web/media/IMG20101028_014.jpg',44,NULL,'/srv/www/travelblog/web/thumbs/75439f1e48a5cf2e9756c29a17df50f4.jpg'),(574,'2010-10-28 11:20:54','jpg','/srv/www/travelblog/web/media/IMG20101028_008.jpg',44,NULL,'/srv/www/travelblog/web/thumbs/ff9da134380632947959e058e028e41b.jpg'),(575,'2010-10-28 16:47:40','jpg','/srv/www/travelblog/web/media/IMG20101028_018.jpg',44,NULL,'/srv/www/travelblog/web/thumbs/1501bcbe501771cf8cd58a56bdb50d23.jpg'),(576,'2010-10-29 09:55:06','jpg','/srv/www/travelblog/web/media/IMG20101029_003.jpg',45,NULL,'/srv/www/travelblog/web/thumbs/73b212844e787523459c4bc89f171cc7.jpg'),(577,'2010-10-28 15:12:02','jpg','/srv/www/travelblog/web/media/IMG20101028_017.jpg',44,NULL,'/srv/www/travelblog/web/thumbs/a5b0a1c973e16a4ad4cf71cd7e3469c5.jpg'),(578,'2010-10-28 10:39:16','jpg','/srv/www/travelblog/web/media/IMG20101028_001.jpg',44,NULL,'/srv/www/travelblog/web/thumbs/cfb050fddf3cd787dd858cbfbffb5392.jpg'),(579,'2010-10-28 11:12:30','jpg','/srv/www/travelblog/web/media/IMG20101028_007.jpg',44,NULL,'/srv/www/travelblog/web/thumbs/42027253550ed4c26ac3004941e5ffff.jpg'),(580,'2010-10-28 16:48:42','jpg','/srv/www/travelblog/web/media/IMG20101028_021.jpg',44,NULL,'/srv/www/travelblog/web/thumbs/9eb9f3b775bbc44b6f74ad19178feb14.jpg'),(581,'2010-10-28 13:22:26','jpg','/srv/www/travelblog/web/media/IMG20101028_012.jpg',44,NULL,'/srv/www/travelblog/web/thumbs/5b603adf78368b39091acd300fedf857.jpg'),(582,'2010-10-28 16:48:20','jpg','/srv/www/travelblog/web/media/IMG20101028_020.jpg',44,NULL,'/srv/www/travelblog/web/thumbs/c30f2b57c83a326a46e687e0bd6af3b5.jpg'),(583,'2010-10-29 12:46:04','jpg','/srv/www/travelblog/web/media/IMG20101029_017.jpg',45,NULL,'/srv/www/travelblog/web/thumbs/25e6730bfa335d7a32fd3b02325951ad.jpg'),(584,'2010-10-29 10:03:50','jpg','/srv/www/travelblog/web/media/IMG20101029_004.jpg',45,NULL,'/srv/www/travelblog/web/thumbs/75d76223d32b58ea2bdad8ad58bbfe72.jpg'),(585,'2010-10-29 10:10:02','jpg','/srv/www/travelblog/web/media/IMG20101029_006.jpg',45,NULL,'/srv/www/travelblog/web/thumbs/2b81e2ca8df84785ce04c08dcf0a4f81.jpg'),(586,'2010-10-29 10:04:12','jpg','/srv/www/travelblog/web/media/IMG20101029_005.jpg',45,NULL,'/srv/www/travelblog/web/thumbs/1a3ea766a127c0fccdde701f806cb0a4.jpg'),(587,'2010-10-29 12:39:10','jpg','/srv/www/travelblog/web/media/IMG20101029_016.jpg',45,NULL,'/srv/www/travelblog/web/thumbs/6b63007b1968bb2a2cded57a25e541cc.jpg'),(588,'2010-10-29 11:10:48','jpg','/srv/www/travelblog/web/media/IMG20101029_013.jpg',45,NULL,'/srv/www/travelblog/web/thumbs/7cdacd3f6d134d0f5a9e17c946052590.jpg'),(589,'2010-10-28 11:05:16','jpg','/srv/www/travelblog/web/media/IMG20101028_002.jpg',44,NULL,'/srv/www/travelblog/web/thumbs/a3c5a62355b9f4cdcf425af674d23309.jpg'),(590,'2010-10-28 11:09:10','jpg','/srv/www/travelblog/web/media/IMG20101028_004.jpg',44,NULL,'/srv/www/travelblog/web/thumbs/630a5febff72f7390248a1021cd954f2.jpg'),(591,'2010-10-29 14:57:08','jpg','/srv/www/travelblog/web/media/IMG20101029_021.jpg',45,NULL,'/srv/www/travelblog/web/thumbs/3ff0c581301599027a338e8a05a7e6f4.jpg'),(592,'2010-10-29 09:54:58','jpg','/srv/www/travelblog/web/media/IMG20101029_002.jpg',45,NULL,'/srv/www/travelblog/web/thumbs/e8ad6b9de6694795367a577c4be73be3.jpg'),(593,'2010-10-28 11:10:34','jpg','/srv/www/travelblog/web/media/IMG20101028_006.jpg',44,NULL,'/srv/www/travelblog/web/thumbs/d44cd72b90d02b6e69ef36b59487d59a.jpg'),(594,'2010-10-28 12:52:24','jpg','/srv/www/travelblog/web/media/IMG20101028_010.jpg',44,NULL,'/srv/www/travelblog/web/thumbs/aae5ad8fccdb090bff5a42a0520380e7.jpg'),(595,'2010-10-29 10:58:30','jpg','/srv/www/travelblog/web/media/IMG20101029_011.jpg',45,NULL,'/srv/www/travelblog/web/thumbs/d953c770f2132608ac50db21ba94bc7a.jpg'),(596,'2010-10-28 15:11:34','jpg','/srv/www/travelblog/web/media/IMG20101028_015.jpg',44,NULL,'/srv/www/travelblog/web/thumbs/56d9068c4e9e82e2eb9ac0c5fb04f750.jpg'),(597,'2010-10-30 12:11:36','jpg','/srv/www/travelblog/web/media/IMG20101030_018.jpg',46,NULL,'/srv/www/travelblog/web/thumbs/5a938bec3d72a6492fa53e22caaffc9b.jpg'),(598,'2010-10-30 12:24:30','jpg','/srv/www/travelblog/web/media/IMG20101030_020.jpg',46,NULL,'/srv/www/travelblog/web/thumbs/6c3d128a740e21a69f001affcfd3ffeb.jpg'),(599,'2010-10-30 12:24:20','jpg','/srv/www/travelblog/web/media/IMG20101030_019.jpg',46,NULL,'/srv/www/travelblog/web/thumbs/e4733c8b02faa44b1dc5a8ee8dd2e368.jpg'),(600,'2010-10-30 08:32:12','jpg','/srv/www/travelblog/web/media/IMG20101030_004.jpg',46,NULL,'/srv/www/travelblog/web/thumbs/1fa85a65b8e2d810e0c8de8f8b2b4ec8.jpg'),(601,'2010-10-30 09:04:38','jpg','/srv/www/travelblog/web/media/IMG20101030_009.jpg',46,NULL,'/srv/www/travelblog/web/thumbs/d578a96f54f3aebf8c32a568fa4797df.jpg'),(602,'2010-10-30 10:12:32','jpg','/srv/www/travelblog/web/media/IMG20101030_012.jpg',46,NULL,'/srv/www/travelblog/web/thumbs/a39f85db8b58cc7dae6b55427a9eab1b.jpg'),(603,'2010-10-30 11:22:34','jpg','/srv/www/travelblog/web/media/IMG20101030_016.jpg',46,NULL,'/srv/www/travelblog/web/thumbs/ae1ba5195c82178c83507c3f98db844d.jpg'),(604,'2010-10-30 12:36:24','jpg','/srv/www/travelblog/web/media/IMG20101030_022.jpg',46,NULL,'/srv/www/travelblog/web/thumbs/f586bd69bac8b3dc3c565c7a715d2c5e.jpg'),(605,'2010-10-30 11:22:16','jpg','/srv/www/travelblog/web/media/IMG20101030_015.jpg',46,NULL,'/srv/www/travelblog/web/thumbs/0559f2c21ffbfd0e44307875c1a56336.jpg'),(606,'2010-10-30 05:57:16','jpg','/srv/www/travelblog/web/media/IMG20101030_001.jpg',46,NULL,'/srv/www/travelblog/web/thumbs/8ea259fdfd47f9e67a8ddc9039cd5429.jpg'),(607,'2010-10-30 10:10:26','jpg','/srv/www/travelblog/web/media/IMG20101030_011.jpg',46,NULL,'/srv/www/travelblog/web/thumbs/97059689a0560547b1db5e6acad361ba.jpg'),(608,'2010-10-30 12:34:48','jpg','/srv/www/travelblog/web/media/IMG20101030_021.jpg',46,NULL,'/srv/www/travelblog/web/thumbs/1c0ece30feb5e48916745fa4cc4c4b51.jpg'),(609,'2010-10-30 06:02:54','jpg','/srv/www/travelblog/web/media/IMG20101030_002.jpg',46,NULL,'/srv/www/travelblog/web/thumbs/e72a287dedf2ff5fb9cfcc49fbd9070b.jpg'),(610,'2010-10-30 08:50:06','jpg','/srv/www/travelblog/web/media/IMG20101030_007.jpg',46,NULL,'/srv/www/travelblog/web/thumbs/f6c1e9b630cca00c050b76711832e760.jpg'),(611,'2010-10-30 08:48:44','jpg','/srv/www/travelblog/web/media/IMG20101030_006.jpg',46,NULL,'/srv/www/travelblog/web/thumbs/49df91faf1b03b5f800594a5d6ed986f.jpg'),(612,'1970-01-01 01:00:00','wXv','/srv/www/travelblog/web/media/.IMG20101030_025.jpg.wR0wXv',NULL,NULL,NULL),(613,'2010-10-30 10:12:38','jpg','/srv/www/travelblog/web/media/IMG20101030_013.jpg',46,NULL,'/srv/www/travelblog/web/thumbs/6097e86b07d5aec2e7ddc5280ef1c90c.jpg'),(614,'2010-10-30 09:44:54','jpg','/srv/www/travelblog/web/media/IMG20101030_010.jpg',46,NULL,'/srv/www/travelblog/web/thumbs/feac2c4b1fedaf8e00da100a62179e80.jpg'),(615,'2010-10-30 11:06:22','jpg','/srv/www/travelblog/web/media/IMG20101030_014.jpg',46,NULL,'/srv/www/travelblog/web/thumbs/ed931a3a583fe2c8e4b0680cf91d4695.jpg'),(616,'2010-10-30 12:44:50','jpg','/srv/www/travelblog/web/media/IMG20101030_024.jpg',46,NULL,'/srv/www/travelblog/web/thumbs/a228d11858ec7ce1aa4c29886c702c7b.jpg'),(617,'2010-10-30 12:10:40','jpg','/srv/www/travelblog/web/media/IMG20101030_017.jpg',46,NULL,'/srv/www/travelblog/web/thumbs/795c7d4981daa1304a3f42ffcc2a0db1.jpg'),(618,'2010-10-30 12:36:30','jpg','/srv/www/travelblog/web/media/IMG20101030_023.jpg',46,NULL,'/srv/www/travelblog/web/thumbs/31526163ab216ea8fae466f448740a7b.jpg'),(619,'2010-10-30 08:27:12','jpg','/srv/www/travelblog/web/media/IMG20101030_003.jpg',46,NULL,'/srv/www/travelblog/web/thumbs/b153d68fbc6614e756732799b5a292dc.jpg'),(620,'2010-10-29 18:07:02','jpg','/srv/www/travelblog/web/media/IMG20101029_022.jpg',45,NULL,'/srv/www/travelblog/web/thumbs/317753d97658476aa051b13ea38f7752.jpg'),(621,'2010-10-30 08:44:16','jpg','/srv/www/travelblog/web/media/IMG20101030_005.jpg',46,NULL,'/srv/www/travelblog/web/thumbs/1c540b863824e3cefd1065a2c683ee18.jpg'),(622,'2010-10-30 09:04:26','jpg','/srv/www/travelblog/web/media/IMG20101030_008.jpg',46,NULL,'/srv/www/travelblog/web/thumbs/98a5fb73d46391e6081200816329a4e0.jpg'),(623,'2010-10-30 12:45:02','jpg','/srv/www/travelblog/web/media/IMG20101030_025.jpg',46,NULL,'/srv/www/travelblog/web/thumbs/63f2e8d74896aa4ffa96b105d270357f.jpg'),(624,'2010-10-30 13:22:30','jpg','/srv/www/travelblog/web/media/IMG20101030_027.jpg',46,NULL,'/srv/www/travelblog/web/thumbs/29ed438917f38d3d6adc3c357518f3ac.jpg'),(625,'2010-10-30 12:48:46','jpg','/srv/www/travelblog/web/media/IMG20101030_026.jpg',46,NULL,'/srv/www/travelblog/web/thumbs/49417339dd40afd4eee071b3039c63c0.jpg'),(626,'2010-10-30 12:06:40','mp4','/srv/www/travelblog/web/media/MOV20101030_005.mp4',46,NULL,NULL),(627,'2010-10-30 09:44:40','mp4','/srv/www/travelblog/web/media/MOV20101030_003.mp4',46,NULL,NULL),(628,'2010-10-28 13:22:18','mp4','/srv/www/travelblog/web/media/MOV20101028_004.mp4',44,NULL,NULL),(629,'2010-10-28 11:08:02','mp4','/srv/www/travelblog/web/media/MOV20101028_002.mp4',44,NULL,NULL),(630,'2010-10-30 09:21:58','mp4','/srv/www/travelblog/web/media/MOV20101030_002.mp4',46,NULL,NULL),(631,'2010-10-30 11:29:18','mp4','/srv/www/travelblog/web/media/MOV20101030_004.mp4',46,NULL,NULL),(632,'2010-10-30 08:28:20','mp4','/srv/www/travelblog/web/media/MOV20101030_001.mp4',46,NULL,NULL),(633,'2010-10-28 13:07:30','mp4','/srv/www/travelblog/web/media/MOV20101028_003.mp4',44,NULL,NULL),(634,'2010-10-30 12:59:30','mp4','/srv/www/travelblog/web/media/MOV20101030_007.mp4',46,NULL,NULL),(635,'2010-10-30 12:09:16','mp4','/srv/www/travelblog/web/media/MOV20101030_006.mp4',46,NULL,NULL),(636,'2010-10-28 11:05:50','mp4','/srv/www/travelblog/web/media/MOV20101028_001.mp4',44,NULL,NULL),(637,'2010-10-30 13:22:02','mp4','/srv/www/travelblog/web/media/MOV20101030_008.mp4',46,NULL,NULL),(638,'2010-11-01 11:50:04','jpg','/srv/www/travelblog/web/media/IMG20101101_010.jpg',48,NULL,'/srv/www/travelblog/web/thumbs/1d0a280788a55dd7ad36c64031dc1ead.jpg'),(639,'2010-11-01 13:35:56','jpg','/srv/www/travelblog/web/media/IMG20101101_028.jpg',48,NULL,'/srv/www/travelblog/web/thumbs/ff08c8283a3522e2c0f83cd691695966.jpg'),(640,'2010-11-01 11:05:20','jpg','/srv/www/travelblog/web/media/IMG20101101_008.jpg',48,NULL,'/srv/www/travelblog/web/thumbs/7a4a51946740c0501024e129298276da.jpg'),(641,'2010-11-01 16:01:30','jpg','/srv/www/travelblog/web/media/IMG20101101_035.jpg',48,NULL,'/srv/www/travelblog/web/thumbs/c4b3a4540cb47b460aabf2cb736ddfe0.jpg'),(642,'2010-10-20 16:01:22','jpg','/srv/www/travelblog/web/media/IMG20101020_001.jpg',40,NULL,'/srv/www/travelblog/web/thumbs/0dfdae6b2bf3e9b8c440663432629b89.jpg'),(643,'2010-10-31 13:07:06','jpg','/srv/www/travelblog/web/media/IMG20101031_001.jpg',47,NULL,'/srv/www/travelblog/web/thumbs/52d4633538477bb8b32a304cca13017e.jpg'),(644,'2010-10-31 16:28:38','jpg','/srv/www/travelblog/web/media/IMG20101031_009.jpg',47,NULL,'/srv/www/travelblog/web/thumbs/181381dc01381fb0216c0dc64022f13b.jpg'),(645,'2010-11-01 08:46:00','jpg','/srv/www/travelblog/web/media/IMG20101101_003.jpg',48,NULL,'/srv/www/travelblog/web/thumbs/055d8e016b3f44a0b141c8173e991903.jpg'),(646,'2010-11-01 13:20:20','jpg','/srv/www/travelblog/web/media/IMG20101101_025.jpg',48,NULL,'/srv/www/travelblog/web/thumbs/97417ecb3d664ce6d082dc6aedeedbe6.jpg'),(647,'2010-10-31 16:02:50','jpg','/srv/www/travelblog/web/media/IMG20101031_008.jpg',47,NULL,'/srv/www/travelblog/web/thumbs/19d051fa1093bcaaabaa874dfa142bc1.jpg'),(648,'2010-11-01 12:58:22','jpg','/srv/www/travelblog/web/media/IMG20101101_024.jpg',48,NULL,'/srv/www/travelblog/web/thumbs/e9cbf297cdc7b6b3e6fa2c46db38b4c8.jpg'),(649,'2010-11-01 12:09:18','jpg','/srv/www/travelblog/web/media/IMG20101101_016.jpg',48,NULL,'/srv/www/travelblog/web/thumbs/b91d58a926bdc5c07a2cd9288889f9a4.jpg'),(650,'2010-11-01 08:12:20','jpg','/srv/www/travelblog/web/media/IMG20101101_002.jpg',48,NULL,'/srv/www/travelblog/web/thumbs/5ef54dbf26d602f77d86a92205c6cf50.jpg'),(651,'2010-11-01 14:55:20','jpg','/srv/www/travelblog/web/media/IMG20101101_033.jpg',48,NULL,'/srv/www/travelblog/web/thumbs/3fbf6ec0a4fa2336766d20e70c8bc874.jpg'),(652,'2010-10-20 16:06:36','jpg','/srv/www/travelblog/web/media/IMG20101020_003.jpg',40,NULL,'/srv/www/travelblog/web/thumbs/2a063681662ad83a92155403720219ce.jpg'),(653,'2010-09-13 19:04:56','jpg','/srv/www/travelblog/web/media/IMG20100913_004.jpg',7,NULL,'/srv/www/travelblog/web/thumbs/af6123012b87b3cc61fd3fe5820f2748.jpg'),(654,'2010-11-01 12:08:28','jpg','/srv/www/travelblog/web/media/IMG20101101_015.jpg',48,NULL,'/srv/www/travelblog/web/thumbs/42d8f61b6969e5c23ddff9febd3f26cf.jpg'),(655,'2010-11-01 16:01:18','jpg','/srv/www/travelblog/web/media/IMG20101101_034.jpg',48,NULL,'/srv/www/travelblog/web/thumbs/e3d2654f07d122b466b1a1b0d5547dce.jpg'),(656,'2010-11-01 14:18:12','jpg','/srv/www/travelblog/web/media/IMG20101101_031.jpg',48,NULL,'/srv/www/travelblog/web/thumbs/a42c9f66dab992d02af4ae6da65feb9c.jpg'),(657,'2010-09-13 12:21:46','jpg','/srv/www/travelblog/web/media/IMG20100913_001.jpg',7,NULL,'/srv/www/travelblog/web/thumbs/d1519230badaed4653d872f5a9b0f410.jpg'),(658,'2010-10-31 16:02:24','jpg','/srv/www/travelblog/web/media/IMG20101031_006.jpg',47,NULL,'/srv/www/travelblog/web/thumbs/49530ff86143ef745f4d9a3b2ce64868.jpg'),(659,'2010-11-01 12:50:28','jpg','/srv/www/travelblog/web/media/IMG20101101_022.jpg',48,NULL,'/srv/www/travelblog/web/thumbs/88ffd7f094fb8226a7ba622009a00564.jpg'),(660,'2010-11-01 13:32:16','jpg','/srv/www/travelblog/web/media/IMG20101101_027.jpg',48,NULL,'/srv/www/travelblog/web/thumbs/7ef647ab0652c8fd8a112ba2e464772b.jpg'),(661,'2010-11-01 12:39:22','jpg','/srv/www/travelblog/web/media/IMG20101101_019.jpg',48,NULL,'/srv/www/travelblog/web/thumbs/30eae19d1ad14b924b173e60e9281c1a.jpg'),(662,'2010-10-31 17:29:28','jpg','/srv/www/travelblog/web/media/IMG20101031_011.jpg',47,NULL,'/srv/www/travelblog/web/thumbs/923fe8e022fd02551dfad5f1f7281fa8.jpg'),(663,'2010-11-01 12:43:52','jpg','/srv/www/travelblog/web/media/IMG20101101_021.jpg',48,NULL,'/srv/www/travelblog/web/thumbs/cc4753e339e183a6a1476085f8d44314.jpg'),(664,'2010-11-01 11:18:36','jpg','/srv/www/travelblog/web/media/IMG20101101_009.jpg',48,NULL,'/srv/www/travelblog/web/thumbs/a9bf7b2976ee5dd40b1beb302cc0876a.jpg'),(665,'2010-10-20 16:06:20','jpg','/srv/www/travelblog/web/media/IMG20101020_002.jpg',40,NULL,'/srv/www/travelblog/web/thumbs/a257ab5465e39601c7141a804d0655ab.jpg'),(666,'2010-11-01 12:24:34','jpg','/srv/www/travelblog/web/media/IMG20101101_018.jpg',48,NULL,'/srv/www/travelblog/web/thumbs/b53d5e62ce8315314ed5006e3047e272.jpg'),(667,'2010-11-01 12:40:06','jpg','/srv/www/travelblog/web/media/IMG20101101_020.jpg',48,NULL,'/srv/www/travelblog/web/thumbs/bd888b8b68c79bb4875f92c5674aed68.jpg'),(668,'2010-09-13 18:36:16','jpg','/srv/www/travelblog/web/media/IMG20100913_003.jpg',7,NULL,'/srv/www/travelblog/web/thumbs/fd2d3188fcc2da49d4e7694a3d277551.jpg'),(669,'2010-11-01 10:25:46','jpg','/srv/www/travelblog/web/media/IMG20101101_005.jpg',48,NULL,'/srv/www/travelblog/web/thumbs/6d9907833e9ff427067898beadafb5f3.jpg'),(670,'2010-11-01 14:02:36','jpg','/srv/www/travelblog/web/media/IMG20101101_030.jpg',48,NULL,'/srv/www/travelblog/web/thumbs/5595aaa2946775a6d811ec0a5fff9d40.jpg'),(671,'2010-10-20 16:07:06','jpg','/srv/www/travelblog/web/media/IMG20101020_004.jpg',40,NULL,'/srv/www/travelblog/web/thumbs/f18b9df5c7f67c054a625a4919fc0785.jpg'),(672,'2010-11-01 08:09:48','jpg','/srv/www/travelblog/web/media/IMG20101101_001.jpg',48,NULL,'/srv/www/travelblog/web/thumbs/55b425b3bc0b32157f02d176c9e4df82.jpg'),(673,'2010-11-01 13:42:12','jpg','/srv/www/travelblog/web/media/IMG20101101_029.jpg',48,NULL,'/srv/www/travelblog/web/thumbs/39ed71f7abc6fe58da2366786acc74cc.jpg'),(674,'2010-10-31 20:07:34','jpg','/srv/www/travelblog/web/media/IMG20101031_013.jpg',47,NULL,'/srv/www/travelblog/web/thumbs/6d353e2a0924d71851227754575a6e1e.jpg'),(675,'2010-10-31 16:02:44','jpg','/srv/www/travelblog/web/media/IMG20101031_007.jpg',47,NULL,'/srv/www/travelblog/web/thumbs/14d4927c1b7c7720686eff75312304be.jpg'),(676,'2010-10-31 16:02:10','jpg','/srv/www/travelblog/web/media/IMG20101031_004.jpg',47,NULL,'/srv/www/travelblog/web/thumbs/2db84d798d7aae280ba601cad3d6fba3.jpg'),(677,'2010-10-31 16:28:44','jpg','/srv/www/travelblog/web/media/IMG20101031_010.jpg',47,NULL,'/srv/www/travelblog/web/thumbs/6ca424511b6bd075c00023720d2c3d3c.jpg'),(678,'2010-10-20 16:14:54','jpg','/srv/www/travelblog/web/media/IMG20101020_005.jpg',40,NULL,'/srv/www/travelblog/web/thumbs/35141e107a247ffa0c6e22d96983170e.jpg'),(679,'2010-11-01 13:31:56','jpg','/srv/www/travelblog/web/media/IMG20101101_026.jpg',48,NULL,'/srv/www/travelblog/web/thumbs/07d32e7a05dba82c9b0ee636c4b3f1db.jpg'),(680,'2010-11-01 12:06:12','jpg','/srv/www/travelblog/web/media/IMG20101101_012.jpg',48,NULL,'/srv/www/travelblog/web/thumbs/3462998cc0e09b069a9dfa9b35167c41.jpg'),(681,'2010-11-01 10:25:54','jpg','/srv/www/travelblog/web/media/IMG20101101_006.jpg',48,NULL,'/srv/www/travelblog/web/thumbs/092bc00826c5290b6c3a8c7a9577727c.jpg'),(682,'2010-09-13 19:55:48','jpg','/srv/www/travelblog/web/media/IMG20100913_005.jpg',7,NULL,'/srv/www/travelblog/web/thumbs/9f4e8ac921559ba6609fcfa49a79a112.jpg'),(683,'2010-10-31 19:55:06','jpg','/srv/www/travelblog/web/media/IMG20101031_012.jpg',47,NULL,'/srv/www/travelblog/web/thumbs/2f3c07ef1ff3347c92ce032d3281199b.jpg'),(684,'2010-10-31 13:07:18','jpg','/srv/www/travelblog/web/media/IMG20101031_003.jpg',47,NULL,'/srv/www/travelblog/web/thumbs/cba823db794ad44920291156eebd6db9.jpg'),(685,'2010-10-20 16:15:14','jpg','/srv/www/travelblog/web/media/IMG20101020_007.jpg',40,NULL,'/srv/www/travelblog/web/thumbs/75788670a837bcef861ffa46854c96f8.jpg'),(686,'2010-11-01 12:50:36','jpg','/srv/www/travelblog/web/media/IMG20101101_023.jpg',48,NULL,'/srv/www/travelblog/web/thumbs/0e27b5354f62944613d6fc9e5f1d035a.jpg'),(687,'2010-10-20 16:14:58','jpg','/srv/www/travelblog/web/media/IMG20101020_006.jpg',40,NULL,'/srv/www/travelblog/web/thumbs/36118037763b058038aa6ae8f3de8699.jpg'),(688,'2010-10-31 16:02:18','jpg','/srv/www/travelblog/web/media/IMG20101031_005.jpg',47,NULL,'/srv/www/travelblog/web/thumbs/a56ba7b93887c4fe6b0bc858dbecc918.jpg'),(689,'2010-09-13 17:37:40','jpg','/srv/www/travelblog/web/media/IMG20100913_002.jpg',7,NULL,'/srv/www/travelblog/web/thumbs/baa36a326418612d331b74b894b263f1.jpg'),(690,'2010-11-01 12:05:58','jpg','/srv/www/travelblog/web/media/IMG20101101_011.jpg',48,NULL,'/srv/www/travelblog/web/thumbs/f55903aeb07925f003a138b9be40ede9.jpg'),(691,'2010-11-01 11:05:16','jpg','/srv/www/travelblog/web/media/IMG20101101_007.jpg',48,NULL,'/srv/www/travelblog/web/thumbs/32d103dafa355d451ea4392d1265a131.jpg'),(692,'2010-11-01 12:13:38','jpg','/srv/www/travelblog/web/media/IMG20101101_017.jpg',48,NULL,'/srv/www/travelblog/web/thumbs/842394cfd37b1cd0dbd9af9d384401b8.jpg'),(693,'2010-11-01 12:07:54','jpg','/srv/www/travelblog/web/media/IMG20101101_014.jpg',48,NULL,'/srv/www/travelblog/web/thumbs/9e0084da3ce5faa39d9293096a2f83c9.jpg'),(694,'2010-11-01 08:47:52','jpg','/srv/www/travelblog/web/media/IMG20101101_004.jpg',48,NULL,'/srv/www/travelblog/web/thumbs/7a3bd9845b0e637d4edc84e65816a0c9.jpg'),(695,'2010-11-01 12:06:52','jpg','/srv/www/travelblog/web/media/IMG20101101_013.jpg',48,NULL,'/srv/www/travelblog/web/thumbs/476387175a47703bbb87e08fb1624fac.jpg'),(696,'2010-10-31 13:07:12','jpg','/srv/www/travelblog/web/media/IMG20101031_002.jpg',47,NULL,'/srv/www/travelblog/web/thumbs/ef7e2607b5ffca06c47d824002c175a6.jpg'),(697,'2010-11-01 14:46:52','jpg','/srv/www/travelblog/web/media/IMG20101101_032.jpg',48,NULL,'/srv/www/travelblog/web/thumbs/113f6bc748077bb6cc8cd4c2260e2fb0.jpg'),(698,'2010-11-01 19:08:10','Q0P','/srv/www/travelblog/web/media/.MOV20101101_001.mp4.jr7Q0P',48,NULL,NULL),(699,'2010-11-01 18:55:47','ONW','/srv/www/travelblog/web/media/.MOV20101101_001.mp4.p0WONW',48,NULL,NULL),(700,'2010-11-03 14:06:30','jpg','/srv/www/travelblog/web/media/IMG20101103_024.jpg',49,NULL,'/srv/www/travelblog/web/thumbs/284c3875015e68ee0e9877e9d5bb9616.jpg'),(701,'2010-11-03 12:50:28','jpg','/srv/www/travelblog/web/media/IMG20101103_014.jpg',49,NULL,'/srv/www/travelblog/web/thumbs/f57ad2f964fde1e34d906fa5ffce9e66.jpg'),(702,'2010-11-03 13:10:20','jpg','/srv/www/travelblog/web/media/IMG20101103_018.jpg',49,NULL,'/srv/www/travelblog/web/thumbs/60ea0b720ae5f100edaffb0fea54a67c.jpg'),(703,'2010-11-02 11:25:52','jpg','/srv/www/travelblog/web/media/IMG20101102_008.jpg',NULL,NULL,'/srv/www/travelblog/web/thumbs/50607abc04410a24b700066dec554e49.jpg'),(704,'2010-11-03 09:59:22','jpg','/srv/www/travelblog/web/media/IMG20101103_002.jpg',49,NULL,'/srv/www/travelblog/web/thumbs/9df60c22fe337e4e5d167a8c7fbf0d84.jpg'),(705,'2010-11-03 13:09:28','jpg','/srv/www/travelblog/web/media/IMG20101103_017.jpg',49,NULL,'/srv/www/travelblog/web/thumbs/8ed46604ebe06c4e5a8782076ed750d2.jpg'),(706,'2010-11-02 11:45:06','jpg','/srv/www/travelblog/web/media/IMG20101102_013.jpg',NULL,NULL,'/srv/www/travelblog/web/thumbs/bea9af50c80bd838cc19734f719521c5.jpg'),(707,'2010-11-03 12:50:36','jpg','/srv/www/travelblog/web/media/IMG20101103_015.jpg',49,NULL,'/srv/www/travelblog/web/thumbs/1d5da20743d9b536809a547cb8001ff6.jpg'),(708,'2010-11-03 12:50:20','jpg','/srv/www/travelblog/web/media/IMG20101103_013.jpg',49,NULL,'/srv/www/travelblog/web/thumbs/3c83a7ce5a0d0cad874e000309960e8b.jpg'),(709,'2010-11-02 11:44:52','jpg','/srv/www/travelblog/web/media/IMG20101102_012.jpg',NULL,NULL,'/srv/www/travelblog/web/thumbs/793f1e4fd05efdeb302b17e15b682298.jpg'),(710,'2010-11-03 10:06:52','jpg','/srv/www/travelblog/web/media/IMG20101103_004.jpg',49,NULL,'/srv/www/travelblog/web/thumbs/d80f948fc476392bae8354def8d94b73.jpg'),(711,'2010-11-03 13:09:20','jpg','/srv/www/travelblog/web/media/IMG20101103_016.jpg',49,NULL,'/srv/www/travelblog/web/thumbs/4671167c1bd10f565236d0960d8c3be5.jpg'),(712,'2010-11-03 10:55:18','jpg','/srv/www/travelblog/web/media/IMG20101103_009.jpg',49,NULL,'/srv/www/travelblog/web/thumbs/396de01a78b158c0bff62324505aff40.jpg'),(713,'2010-11-03 10:15:10','jpg','/srv/www/travelblog/web/media/IMG20101103_008.jpg',49,NULL,'/srv/www/travelblog/web/thumbs/510c45287d51dc3355b364e6e8afae80.jpg'),(714,'2010-11-03 13:20:34','jpg','/srv/www/travelblog/web/media/IMG20101103_019.jpg',49,NULL,'/srv/www/travelblog/web/thumbs/68f462f103cbadcdb59a9b65ffc5e71e.jpg'),(715,'2010-11-02 11:44:42','jpg','/srv/www/travelblog/web/media/IMG20101102_011.jpg',NULL,NULL,'/srv/www/travelblog/web/thumbs/ad6dea925f05a24eee2e4b21c73a9936.jpg'),(716,'2010-11-03 14:11:46','jpg','/srv/www/travelblog/web/media/IMG20101103_026.jpg',49,NULL,'/srv/www/travelblog/web/thumbs/715709317c6e48f09163476d6e08e7fd.jpg'),(717,'2010-11-03 13:23:14','jpg','/srv/www/travelblog/web/media/IMG20101103_020.jpg',49,NULL,'/srv/www/travelblog/web/thumbs/f4dc881d23cde8fa7ad73314603f98b9.jpg'),(718,'2010-11-02 11:25:24','jpg','/srv/www/travelblog/web/media/IMG20101102_005.jpg',NULL,NULL,'/srv/www/travelblog/web/thumbs/a6e8e4b5734374fa160ab793f098725e.jpg'),(719,'2010-11-02 11:25:32','jpg','/srv/www/travelblog/web/media/IMG20101102_006.jpg',NULL,NULL,'/srv/www/travelblog/web/thumbs/efec8a55f0060394c1ab233e468d50a3.jpg'),(720,'2010-11-03 10:14:38','jpg','/srv/www/travelblog/web/media/IMG20101103_006.jpg',49,NULL,'/srv/www/travelblog/web/thumbs/ad6a65a969e97e8c2b6971f3188ba20c.jpg'),(721,'2010-11-03 15:24:04','jpg','/srv/www/travelblog/web/media/IMG20101103_030.jpg',49,NULL,'/srv/www/travelblog/web/thumbs/d344b0d4dea354c4669f7104c978ba36.jpg'),(722,'2010-11-03 14:22:32','jpg','/srv/www/travelblog/web/media/IMG20101103_027.jpg',49,NULL,'/srv/www/travelblog/web/thumbs/efeb9622ed4c9180f31c19eb498b28ea.jpg'),(723,'2010-11-03 10:07:02','jpg','/srv/www/travelblog/web/media/IMG20101103_005.jpg',49,NULL,'/srv/www/travelblog/web/thumbs/d2e31e85a5a464c6233fc9aff69f0de5.jpg'),(724,'2010-11-02 11:25:46','jpg','/srv/www/travelblog/web/media/IMG20101102_007.jpg',NULL,NULL,'/srv/www/travelblog/web/thumbs/a21020d997a032ad9642f6e450bb2d5e.jpg'),(725,'2010-11-03 10:04:56','jpg','/srv/www/travelblog/web/media/IMG20101103_003.jpg',49,NULL,'/srv/www/travelblog/web/thumbs/119025e2a45ed6c680d1efaa0bc4be9b.jpg'),(726,'2010-11-03 14:59:14','jpg','/srv/www/travelblog/web/media/IMG20101103_028.jpg',49,NULL,'/srv/www/travelblog/web/thumbs/fd6c20f2dc66c62f032b05e601fd0220.jpg'),(727,'2010-11-02 11:26:10','jpg','/srv/www/travelblog/web/media/IMG20101102_010.jpg',NULL,NULL,'/srv/www/travelblog/web/thumbs/1439021a2d7ee5bd16c0524c6c36b1b0.jpg'),(728,'2010-11-02 10:41:10','jpg','/srv/www/travelblog/web/media/IMG20101102_001.jpg',NULL,NULL,'/srv/www/travelblog/web/thumbs/aa1344ce63e49ffbf47539db32b4c104.jpg'),(729,'2010-11-03 13:44:18','jpg','/srv/www/travelblog/web/media/IMG20101103_021.jpg',49,NULL,'/srv/www/travelblog/web/thumbs/371a619ac1f63032bbeb5ca4b6a47a2f.jpg'),(730,'2010-11-03 13:52:12','jpg','/srv/www/travelblog/web/media/IMG20101103_022.jpg',49,NULL,'/srv/www/travelblog/web/thumbs/9b316c8e4f149a52da91a3d8bd74c352.jpg'),(731,'2010-11-03 12:03:04','jpg','/srv/www/travelblog/web/media/IMG20101103_011.jpg',49,NULL,'/srv/www/travelblog/web/thumbs/c38b7feba94113564c7e080414ac55c8.jpg'),(732,'2010-11-02 11:54:18','jpg','/srv/www/travelblog/web/media/IMG20101102_015.jpg',NULL,NULL,'/srv/www/travelblog/web/thumbs/002cb1e24d6fe799de370ac43637006b.jpg'),(733,'2010-11-02 10:41:42','jpg','/srv/www/travelblog/web/media/IMG20101102_003.jpg',NULL,NULL,'/srv/www/travelblog/web/thumbs/db2aa181467f341dd89594fddc452747.jpg'),(734,'2010-11-03 15:09:14','jpg','/srv/www/travelblog/web/media/IMG20101103_029.jpg',49,NULL,'/srv/www/travelblog/web/thumbs/3e9db087dc972fab9649e94c03d97b9f.jpg'),(735,'2010-11-03 13:54:02','jpg','/srv/www/travelblog/web/media/IMG20101103_023.jpg',49,NULL,'/srv/www/travelblog/web/thumbs/f81822de8288dc9f0b98ee00b62cfe70.jpg'),(736,'2010-11-03 14:07:28','jpg','/srv/www/travelblog/web/media/IMG20101103_025.jpg',49,NULL,'/srv/www/travelblog/web/thumbs/a05dae6231ced8e87ecb702c06657d7b.jpg'),(737,'2010-11-02 11:01:08','jpg','/srv/www/travelblog/web/media/IMG20101102_004.jpg',NULL,NULL,'/srv/www/travelblog/web/thumbs/e6129199ce272d45e8a71886ffbe773c.jpg'),(738,'2010-11-03 10:15:02','jpg','/srv/www/travelblog/web/media/IMG20101103_007.jpg',49,NULL,'/srv/www/travelblog/web/thumbs/5488954cce0fb42d9d1ace9e5d4baeb6.jpg'),(739,'2010-11-03 12:47:46','jpg','/srv/www/travelblog/web/media/IMG20101103_012.jpg',49,NULL,'/srv/www/travelblog/web/thumbs/30015eb2708c356decedf19cf4890399.jpg'),(740,'2010-11-02 11:45:24','jpg','/srv/www/travelblog/web/media/IMG20101102_014.jpg',NULL,NULL,'/srv/www/travelblog/web/thumbs/d2d9f83fb60d062d5c4807f18db5312f.jpg'),(741,'2010-11-02 11:26:00','jpg','/srv/www/travelblog/web/media/IMG20101102_009.jpg',NULL,NULL,'/srv/www/travelblog/web/thumbs/edadc2a52ff22ac212d39d96e026643f.jpg'),(742,'2010-11-03 07:29:08','jpg','/srv/www/travelblog/web/media/IMG20101103_001.jpg',49,NULL,'/srv/www/travelblog/web/thumbs/bdaf4899df2e94f195c19506e030bf3e.jpg'),(743,'2010-11-03 11:03:06','jpg','/srv/www/travelblog/web/media/IMG20101103_010.jpg',49,NULL,'/srv/www/travelblog/web/thumbs/d2a8fc8f6965744f2e04f91ee3a0aca1.jpg'),(744,'2010-11-02 10:41:36','jpg','/srv/www/travelblog/web/media/IMG20101102_002.jpg',NULL,NULL,'/srv/www/travelblog/web/thumbs/0b019dc07f81f98934ccd2cd1aa11d42.jpg'),(745,'2010-11-03 14:11:28','mp4','/srv/www/travelblog/web/media/MOV20101103_003.mp4',49,NULL,NULL),(746,'2010-11-03 14:11:12','mp4','/srv/www/travelblog/web/media/MOV20101103_001.mp4',49,NULL,NULL),(747,'2010-11-01 14:58:42','mp4','/srv/www/travelblog/web/media/MOV20101101_003.mp4',48,NULL,NULL),(748,'2010-11-03 14:11:18','mp4','/srv/www/travelblog/web/media/MOV20101103_002.mp4',49,NULL,NULL),(749,'2010-11-01 14:58:18','mp4','/srv/www/travelblog/web/media/MOV20101101_002.mp4',48,NULL,NULL),(750,'2010-11-01 12:09:06','mp4','/srv/www/travelblog/web/media/MOV20101101_001.mp4',48,NULL,NULL),(751,'2010-11-04 21:14:45','c78','/srv/www/travelblog/web/media/.IMG20101104_006.jpg.UKDc78',NULL,NULL,NULL),(752,'2010-11-04 14:21:50','jpg','/srv/www/travelblog/web/media/IMG20101104_002.jpg',50,NULL,'/srv/www/travelblog/web/thumbs/7a1bf9684374aa2bcafe72d1336a5744.jpg'),(753,'2010-11-04 15:10:12','jpg','/srv/www/travelblog/web/media/IMG20101104_004.jpg',50,NULL,'/srv/www/travelblog/web/thumbs/54b50780a1bd917949d87786615be779.jpg'),(754,'2010-11-04 12:26:38','jpg','/srv/www/travelblog/web/media/IMG20101104_001.jpg',50,NULL,'/srv/www/travelblog/web/thumbs/13aa6f3962bcdca706dc8d327a892aa3.jpg'),(755,'2010-11-04 15:10:24','jpg','/srv/www/travelblog/web/media/IMG20101104_005.jpg',50,NULL,'/srv/www/travelblog/web/thumbs/6f6b24739cd5f82cc51f620a55e4cbd1.jpg'),(756,'2010-11-04 14:34:02','jpg','/srv/www/travelblog/web/media/IMG20101104_003.jpg',50,NULL,'/srv/www/travelblog/web/thumbs/4bbae6a4b6956bb79a8e6470f0399d81.jpg'),(757,'2010-11-04 15:13:54','jpg','/srv/www/travelblog/web/media/IMG20101104_006.jpg',50,NULL,'/srv/www/travelblog/web/thumbs/35f724b8e5add1b7e717cd1b33544155.jpg'),(758,'2010-11-04 15:53:34','jpg','/srv/www/travelblog/web/media/IMG20101104_008.jpg',50,NULL,'/srv/www/travelblog/web/thumbs/54db807d0ac05cbbf3e61cd3f7edce95.jpg'),(759,'2010-11-04 16:59:14','jpg','/srv/www/travelblog/web/media/IMG20101104_013.jpg',50,NULL,'/srv/www/travelblog/web/thumbs/1b337367a9eb9e1770bd7c459b19fd22.jpg'),(760,'2010-11-04 15:16:46','jpg','/srv/www/travelblog/web/media/IMG20101104_007.jpg',50,NULL,'/srv/www/travelblog/web/thumbs/046fb6043f97233bd55d2e37bf014f69.jpg'),(761,'2010-11-04 16:48:54','jpg','/srv/www/travelblog/web/media/IMG20101104_010.jpg',50,NULL,'/srv/www/travelblog/web/thumbs/83fe10d5126d712dca57f66c5c85b9b2.jpg'),(762,'2010-11-04 16:58:52','jpg','/srv/www/travelblog/web/media/IMG20101104_012.jpg',50,NULL,'/srv/www/travelblog/web/thumbs/0793c88765b6ba745b4155e3455f00c2.jpg'),(763,'1970-01-01 00:00:00','o8a','/srv/www/travelblog/web/media/.IMG20101104_014.jpg.9qHo8a',NULL,NULL,NULL),(764,'2010-11-04 16:00:42','jpg','/srv/www/travelblog/web/media/IMG20101104_009.jpg',50,NULL,'/srv/www/travelblog/web/thumbs/a11b80ba73ce39573eee05d3ad606e31.jpg'),(765,'2010-11-04 16:58:30','jpg','/srv/www/travelblog/web/media/IMG20101104_011.jpg',50,NULL,'/srv/www/travelblog/web/thumbs/0bfec185712821b047b5090e416207ee.jpg'),(766,'2010-11-04 17:07:02','jpg','/srv/www/travelblog/web/media/IMG20101104_014.jpg',50,NULL,'/srv/www/travelblog/web/thumbs/fe9241514ca2421e35af17562f802457.jpg'),(767,'2010-11-04 17:28:40','jpg','/srv/www/travelblog/web/media/IMG20101104_015.jpg',50,NULL,'/srv/www/travelblog/web/thumbs/c4e49245b9a32a9c720fa2444a206684.jpg'),(768,'2010-11-04 19:17:08','jpg','/srv/www/travelblog/web/media/IMG20101104_016.jpg',50,NULL,'/srv/www/travelblog/web/thumbs/71f8cc4fdcaa825e90608c1e09927708.jpg'),(769,'2010-11-06 00:00:00','jpg','/srv/www/travelblog/web/media/IMG20101106_019.jpg',52,NULL,'/srv/www/travelblog/web/thumbs/d15504c976d6a0076a911685346276f0.jpg'),(770,'2010-11-06 00:00:00','jpg','/srv/www/travelblog/web/media/IMG20101106_026.jpg',52,NULL,'/srv/www/travelblog/web/thumbs/ff31ff2fcd442e51b40660e0feccadb8.jpg'),(771,'2010-11-05 00:00:00','jpg','/srv/www/travelblog/web/media/IMG20101105_011.jpg',51,NULL,'/srv/www/travelblog/web/thumbs/1acc0430aa4317e603f4aa35a24cdbbb.jpg'),(772,'2010-11-06 00:00:00','jpg','/srv/www/travelblog/web/media/IMG20101106_033.jpg',52,NULL,'/srv/www/travelblog/web/thumbs/4a1789b7ac75332cd4c43af9874206f3.jpg'),(773,'2010-11-05 00:00:00','jpg','/srv/www/travelblog/web/media/IMG20101105_009.jpg',51,NULL,'/srv/www/travelblog/web/thumbs/af9a0f93b430ca5e5d5f4c09dc7a9d3e.jpg'),(774,'2010-11-06 00:00:00','jpg','/srv/www/travelblog/web/media/IMG20101106_023.jpg',52,NULL,'/srv/www/travelblog/web/thumbs/a7f259a3fbc94c464f7c38d27a5a3399.jpg'),(775,'2010-11-05 00:00:00','jpg','/srv/www/travelblog/web/media/IMG20101105_008.jpg',51,NULL,'/srv/www/travelblog/web/thumbs/ec874efce6b600f3ff7b25f36c59fee5.jpg'),(776,'2010-11-06 00:00:00','jpg','/srv/www/travelblog/web/media/IMG20101106_016.jpg',52,NULL,'/srv/www/travelblog/web/thumbs/5b7a8608330e4eb6158df849d2fe279e.jpg'),(777,'2010-11-05 00:00:00','jpg','/srv/www/travelblog/web/media/IMG20101105_025.jpg',51,NULL,'/srv/www/travelblog/web/thumbs/c362253b2938905a41e549ffb563877f.jpg'),(778,'2010-11-05 00:00:00','jpg','/srv/www/travelblog/web/media/IMG20101105_005.jpg',51,NULL,'/srv/www/travelblog/web/thumbs/1bf208f0bf3e3f58e71a77614008bfaa.jpg'),(779,'2010-11-06 00:00:00','jpg','/srv/www/travelblog/web/media/IMG20101106_017.jpg',52,NULL,'/srv/www/travelblog/web/thumbs/dc6b804767b0d6718364c4a5fb4c5f24.jpg'),(780,'2010-11-06 00:00:00','jpg','/srv/www/travelblog/web/media/IMG20101106_011.jpg',52,NULL,'/srv/www/travelblog/web/thumbs/e612ae57820962bf10835718f601930f.jpg'),(781,'2010-11-05 00:00:00','jpg','/srv/www/travelblog/web/media/IMG20101105_003.jpg',51,NULL,'/srv/www/travelblog/web/thumbs/a862da1368d77286e16e75d95bee05e6.jpg'),(782,'2010-11-05 00:00:00','jpg','/srv/www/travelblog/web/media/IMG20101105_001.jpg',51,NULL,'/srv/www/travelblog/web/thumbs/2e7e70318347bd9bd056dca053fcf309.jpg'),(783,'2010-11-06 00:00:00','jpg','/srv/www/travelblog/web/media/IMG20101106_025.jpg',52,NULL,'/srv/www/travelblog/web/thumbs/3fd2ab027ad199cf80900c0ebfe66d08.jpg'),(784,'2010-11-05 00:00:00','mp4','/srv/www/travelblog/web/media/MOV20101105_002.mp4',51,NULL,NULL),(785,'2010-11-06 00:00:00','jpg','/srv/www/travelblog/web/media/IMG20101106_022.jpg',52,NULL,'/srv/www/travelblog/web/thumbs/83df5a4f603b1580699ae51a8d682d50.jpg'),(786,'2010-11-05 00:00:00','jpg','/srv/www/travelblog/web/media/IMG20101105_026.jpg',51,NULL,'/srv/www/travelblog/web/thumbs/b9488a16863dce5a9a9be1c2ecc6b62b.jpg'),(787,'2010-11-06 00:00:00','jpg','/srv/www/travelblog/web/media/IMG20101106_018.jpg',52,NULL,'/srv/www/travelblog/web/thumbs/f543d86dfaea982a3c2a9085f28a2331.jpg'),(788,'2010-11-05 00:00:00','jpg','/srv/www/travelblog/web/media/IMG20101105_022.jpg',51,NULL,'/srv/www/travelblog/web/thumbs/4e3d9a65b83d7d01afbd07d280ca3238.jpg'),(789,'2010-11-06 00:00:00','jpg','/srv/www/travelblog/web/media/IMG20101106_003.jpg',52,NULL,'/srv/www/travelblog/web/thumbs/3e6f1a94e20053fa905f5761724b1043.jpg'),(790,'2010-11-07 00:00:00','jpg','/srv/www/travelblog/web/media/IMG20101107_003.jpg',53,NULL,'/srv/www/travelblog/web/thumbs/3a2bc2806a1b2035b1153d34c9d73337.jpg'),(791,'2010-11-06 00:00:00','mp4','/srv/www/travelblog/web/media/MOV20101106_001.mp4',52,NULL,NULL),(792,'2010-11-05 00:00:00','jpg','/srv/www/travelblog/web/media/IMG20101105_024.jpg',51,NULL,'/srv/www/travelblog/web/thumbs/98405ce3fb4251786d5696f1a904a2c3.jpg'),(793,'2010-11-05 00:00:00','jpg','/srv/www/travelblog/web/media/IMG20101105_027.jpg',51,NULL,'/srv/www/travelblog/web/thumbs/631cd0dd9853f860956d4891ba0ff53a.jpg'),(794,'2010-11-05 00:00:00','jpg','/srv/www/travelblog/web/media/IMG20101105_012.jpg',51,NULL,'/srv/www/travelblog/web/thumbs/7b8fd91efa4c147e461510895cc9b436.jpg'),(795,'2010-11-06 00:00:00','jpg','/srv/www/travelblog/web/media/IMG20101106_036.jpg',52,NULL,'/srv/www/travelblog/web/thumbs/05bf2e92f2b5b692b134312d4f98cf62.jpg'),(796,'2010-11-05 00:00:00','mp4','/srv/www/travelblog/web/media/MOV20101105_001.mp4',51,NULL,NULL),(797,'2010-11-06 00:00:00','jpg','/srv/www/travelblog/web/media/IMG20101106_028.jpg',52,NULL,'/srv/www/travelblog/web/thumbs/127c8106824c936f54e1f2641b3ed55b.jpg'),(798,'2010-11-05 00:00:00','jpg','/srv/www/travelblog/web/media/IMG20101105_015.jpg',51,NULL,'/srv/www/travelblog/web/thumbs/053c0b905c2ea8d6836826a1a799f91f.jpg'),(799,'2010-11-05 00:00:00','jpg','/srv/www/travelblog/web/media/IMG20101105_002.jpg',51,NULL,'/srv/www/travelblog/web/thumbs/da27d11aab7a19e4b93dcb8bb404e914.jpg'),(800,'2010-11-07 00:00:00','jpg','/srv/www/travelblog/web/media/IMG20101107_001.jpg',53,NULL,'/srv/www/travelblog/web/thumbs/1a8b27fcf3605b4d95987b04758bb399.jpg'),(801,'2010-11-06 00:00:00','jpg','/srv/www/travelblog/web/media/IMG20101106_032.jpg',52,NULL,'/srv/www/travelblog/web/thumbs/7c077c2041d7ee1ec98750a0256d4e78.jpg'),(802,'2010-11-06 00:00:00','jpg','/srv/www/travelblog/web/media/IMG20101106_029.jpg',52,NULL,'/srv/www/travelblog/web/thumbs/385e60ab5dc1d480d1eb27a7a14d4211.jpg'),(803,'2010-11-06 00:00:00','jpg','/srv/www/travelblog/web/media/IMG20101106_013.jpg',52,NULL,'/srv/www/travelblog/web/thumbs/b76b0091b8bc9db72766e49df6d782f2.jpg'),(804,'2010-11-06 00:00:00','jpg','/srv/www/travelblog/web/media/IMG20101106_030.jpg',52,NULL,'/srv/www/travelblog/web/thumbs/66e55176e3f62aae288bf4af8246e14f.jpg'),(805,'2010-11-06 00:00:00','jpg','/srv/www/travelblog/web/media/IMG20101106_010.jpg',52,NULL,'/srv/www/travelblog/web/thumbs/862550b6f20a843c41891cfe0b990cd1.jpg'),(806,'2010-11-06 00:00:00','jpg','/srv/www/travelblog/web/media/IMG20101106_024.jpg',52,NULL,'/srv/www/travelblog/web/thumbs/ae52dbc2d7a40495191e58dccda3d94f.jpg'),(807,'2010-11-06 00:00:00','jpg','/srv/www/travelblog/web/media/IMG20101106_039.jpg',52,NULL,'/srv/www/travelblog/web/thumbs/b2b672cd4d60e3699a79861fee5a53f4.jpg'),(808,'2010-11-05 00:00:00','jpg','/srv/www/travelblog/web/media/IMG20101105_019.jpg',51,NULL,'/srv/www/travelblog/web/thumbs/e143c9d7dcc3b7c5030f0d505b0e24b7.jpg'),(809,'2010-11-06 00:00:00','jpg','/srv/www/travelblog/web/media/IMG20101106_005.jpg',52,NULL,'/srv/www/travelblog/web/thumbs/ec53398b7b8561153bbe35511525a765.jpg'),(810,'2010-11-06 00:00:00','jpg','/srv/www/travelblog/web/media/IMG20101106_031.jpg',52,NULL,'/srv/www/travelblog/web/thumbs/bb2b643d95858d1cf3a1f4be0a41eb68.jpg'),(811,'2010-11-05 00:00:00','jpg','/srv/www/travelblog/web/media/IMG20101105_021.jpg',51,NULL,'/srv/www/travelblog/web/thumbs/247b6a9f1857fab59854511bd1cc0614.jpg'),(812,'2010-11-06 00:00:00','jpg','/srv/www/travelblog/web/media/IMG20101106_006.jpg',52,NULL,'/srv/www/travelblog/web/thumbs/6367f6a773eeadb1a8b6a6c1be3d1c78.jpg'),(813,'2010-11-06 00:00:00','jpg','/srv/www/travelblog/web/media/IMG20101106_035.jpg',52,NULL,'/srv/www/travelblog/web/thumbs/5895d54b87565c8ae47211245208d6ab.jpg'),(814,'2010-11-05 00:00:00','jpg','/srv/www/travelblog/web/media/IMG20101105_028.jpg',51,NULL,'/srv/www/travelblog/web/thumbs/0ddae5313047c64492adff46969cfadc.jpg'),(815,'2010-11-06 00:00:00','jpg','/srv/www/travelblog/web/media/IMG20101106_007.jpg',52,NULL,'/srv/www/travelblog/web/thumbs/06343661f0bc5e703e3bf10cb35fde93.jpg'),(816,'2010-11-05 00:00:00','jpg','/srv/www/travelblog/web/media/IMG20101105_017.jpg',51,NULL,'/srv/www/travelblog/web/thumbs/365871b735f4dace8483cc9d46db965b.jpg'),(817,'2010-11-06 00:00:00','jpg','/srv/www/travelblog/web/media/IMG20101106_004.jpg',52,NULL,'/srv/www/travelblog/web/thumbs/6a674496cb50b45e097f3f6b55a200fa.jpg'),(818,'2010-11-06 00:00:00','jpg','/srv/www/travelblog/web/media/IMG20101106_037.jpg',52,NULL,'/srv/www/travelblog/web/thumbs/0eea4632fd47b3013fb7c1a918c1df4d.jpg'),(819,'2010-11-05 00:00:00','jpg','/srv/www/travelblog/web/media/IMG20101105_014.jpg',51,NULL,'/srv/www/travelblog/web/thumbs/5e119b08b10142b3ecf523ea2176557c.jpg'),(820,'2010-11-06 00:00:00','jpg','/srv/www/travelblog/web/media/IMG20101106_034.jpg',52,NULL,'/srv/www/travelblog/web/thumbs/0c1b6e98aeebfe6b6984886fd4231a4b.jpg'),(821,'2010-11-06 00:00:00','jpg','/srv/www/travelblog/web/media/IMG20101106_012.jpg',52,NULL,'/srv/www/travelblog/web/thumbs/2c50b46013e7a231d7b042e478f249f2.jpg'),(822,'2010-11-05 00:00:00','jpg','/srv/www/travelblog/web/media/IMG20101105_004.jpg',51,NULL,'/srv/www/travelblog/web/thumbs/60a4d6d0a39924f3ebb96c247c436c55.jpg'),(823,'2010-11-05 00:00:00','jpg','/srv/www/travelblog/web/media/IMG20101105_010.jpg',51,NULL,'/srv/www/travelblog/web/thumbs/46186bfdb7636a8adf53f9406637e24a.jpg'),(824,'2010-11-06 00:00:00','jpg','/srv/www/travelblog/web/media/IMG20101106_008.jpg',52,NULL,'/srv/www/travelblog/web/thumbs/095037de7928b66ec9160e71209f0c81.jpg'),(825,'2010-11-05 00:00:00','jpg','/srv/www/travelblog/web/media/IMG20101105_020.jpg',51,NULL,'/srv/www/travelblog/web/thumbs/f5e661e9785dc6caceec9d8ae14c5e09.jpg'),(826,'2010-11-06 00:00:00','jpg','/srv/www/travelblog/web/media/IMG20101106_015.jpg',52,NULL,'/srv/www/travelblog/web/thumbs/c7c3a68fd84ba6fc2d5cedc7c1f20661.jpg'),(827,'2010-11-06 00:00:00','jpg','/srv/www/travelblog/web/media/IMG20101106_009.jpg',52,NULL,'/srv/www/travelblog/web/thumbs/37c18888e9f12ec058fc3ef4055a4e53.jpg'),(828,'2010-11-05 00:00:00','jpg','/srv/www/travelblog/web/media/IMG20101105_018.jpg',51,NULL,'/srv/www/travelblog/web/thumbs/2e9922e332a9ac1468f2795792561491.jpg'),(829,'2010-11-06 00:00:00','jpg','/srv/www/travelblog/web/media/IMG20101106_038.jpg',52,NULL,'/srv/www/travelblog/web/thumbs/6e1ff23f3ccf05e5893307af7e750173.jpg'),(830,'2010-11-05 00:00:00','jpg','/srv/www/travelblog/web/media/IMG20101105_007.jpg',51,NULL,'/srv/www/travelblog/web/thumbs/566097cf0a3286944a7836d20b9b05a5.jpg'),(831,'2010-11-06 00:00:00','jpg','/srv/www/travelblog/web/media/IMG20101106_002.jpg',52,NULL,'/srv/www/travelblog/web/thumbs/6dd57470083ea044da271574badfb90b.jpg'),(832,'2010-11-05 00:00:00','jpg','/srv/www/travelblog/web/media/IMG20101105_016.jpg',51,NULL,'/srv/www/travelblog/web/thumbs/04892bbca00d248e9ade642331af3942.jpg'),(833,'2010-11-07 00:00:00','jpg','/srv/www/travelblog/web/media/IMG20101107_002.jpg',53,NULL,'/srv/www/travelblog/web/thumbs/2cad4c6d36f6b14b117cec32d7d50978.jpg'),(834,'2010-11-06 00:00:00','jpg','/srv/www/travelblog/web/media/IMG20101106_027.jpg',52,NULL,'/srv/www/travelblog/web/thumbs/b2d776df1e1639d0e7ce83e250aff07f.jpg'),(835,'2010-11-05 00:00:00','jpg','/srv/www/travelblog/web/media/IMG20101105_006.jpg',51,NULL,'/srv/www/travelblog/web/thumbs/f9d1900f61d94c2eb6ccea324a0bd4a7.jpg'),(836,'2010-11-06 00:00:00','jpg','/srv/www/travelblog/web/media/IMG20101106_014.jpg',52,NULL,'/srv/www/travelblog/web/thumbs/4ac19234a1bc560c69b559b2081a1e25.jpg'),(837,'2010-11-06 00:00:00','jpg','/srv/www/travelblog/web/media/IMG20101106_021.jpg',52,NULL,'/srv/www/travelblog/web/thumbs/d57516c5b0ce55cf866279eb9186d4a5.jpg'),(838,'2010-11-05 00:00:00','jpg','/srv/www/travelblog/web/media/IMG20101105_013.jpg',51,NULL,'/srv/www/travelblog/web/thumbs/2d7e433fa71c86f79b190bc1bc4b1047.jpg'),(839,'2010-11-06 00:00:00','jpg','/srv/www/travelblog/web/media/IMG20101106_040.jpg',52,NULL,'/srv/www/travelblog/web/thumbs/d1d321fcf561b1416ceece96c60eaeb7.jpg'),(840,'2010-11-06 00:00:00','jpg','/srv/www/travelblog/web/media/IMG20101106_001.jpg',52,NULL,'/srv/www/travelblog/web/thumbs/7e990b91a878df7369a2db16a8a030f2.jpg'),(841,'2010-11-05 00:00:00','jpg','/srv/www/travelblog/web/media/IMG20101105_023.jpg',51,NULL,'/srv/www/travelblog/web/thumbs/00dc8bade2b8607e9f477c1341f2aadd.jpg'),(842,'2010-11-06 00:00:00','jpg','/srv/www/travelblog/web/media/IMG20101106_020.jpg',52,NULL,'/srv/www/travelblog/web/thumbs/3c7d5da3b38011097687bd369a7a6c73.jpg'),(843,'2010-11-10 08:48:30','-05','/srv/www/travelblog/web/media/2010-11-05',NULL,NULL,NULL);
/*!40000 ALTER TABLE `media_item` ENABLE KEYS */;
UNLOCK TABLES;

--
-- Table structure for table `media_tag`
--

DROP TABLE IF EXISTS `media_tag`;
/*!40101 SET @saved_cs_client     = @@character_set_client */;
/*!40101 SET character_set_client = utf8 */;
CREATE TABLE `media_tag` (
  `media_id` bigint(20) NOT NULL DEFAULT '0',
  `tag_id` bigint(20) NOT NULL DEFAULT '0',
  PRIMARY KEY (`media_id`,`tag_id`),
  KEY `media_tag_tag_id_tag_id` (`tag_id`),
  CONSTRAINT `media_tag_media_id_media_item_id` FOREIGN KEY (`media_id`) REFERENCES `media_item` (`id`),
  CONSTRAINT `media_tag_tag_id_tag_id` FOREIGN KEY (`tag_id`) REFERENCES `tag` (`id`)
) ENGINE=InnoDB DEFAULT CHARSET=latin1;
/*!40101 SET character_set_client = @saved_cs_client */;

--
-- Dumping data for table `media_tag`
--

LOCK TABLES `media_tag` WRITE;
/*!40000 ALTER TABLE `media_tag` DISABLE KEYS */;
INSERT INTO `media_tag` VALUES (51,1),(54,1),(69,1),(97,1),(115,1),(185,1),(235,1),(298,1),(300,1),(303,1),(306,1),(310,1),(408,1),(51,2),(69,2),(79,2),(81,2),(97,2),(185,2),(235,2),(296,2),(309,2),(310,2),(53,3),(61,3),(262,3),(308,3),(392,3),(440,3),(54,4),(125,5),(3,6),(34,6),(35,6),(240,6),(293,6),(240,7),(317,8),(328,9),(309,10),(306,11),(298,12),(299,12),(300,12),(310,12),(315,12),(319,12),(303,13),(326,14),(335,15),(422,16),(444,16),(384,17),(386,17),(388,17),(391,17),(394,17),(396,17),(403,17),(408,17),(410,17),(415,17),(418,17),(425,17),(433,17),(436,17),(418,18),(420,18),(429,18),(430,18),(434,18),(434,19),(419,20),(421,20),(426,20),(394,21),(396,21),(402,21),(384,22),(395,23),(390,24),(386,25),(391,25),(398,25),(416,26),(446,27),(462,27),(487,28);
/*!40000 ALTER TABLE `media_tag` ENABLE KEYS */;
UNLOCK TABLES;

--
-- Table structure for table `stage`
--

DROP TABLE IF EXISTS `stage`;
/*!40101 SET @saved_cs_client     = @@character_set_client */;
/*!40101 SET character_set_client = utf8 */;
CREATE TABLE `stage` (
  `id` bigint(20) NOT NULL AUTO_INCREMENT,
  `name` varchar(255) NOT NULL,
  `description` longblob,
  PRIMARY KEY (`id`)
) ENGINE=InnoDB AUTO_INCREMENT=6 DEFAULT CHARSET=latin1;
/*!40101 SET character_set_client = @saved_cs_client */;

--
-- Dumping data for table `stage`
--

LOCK TABLES `stage` WRITE;
/*!40000 ALTER TABLE `stage` DISABLE KEYS */;
INSERT INTO `stage` VALUES (1,'Stage 1 - The North','Original idea here was to cycle to Scotland, in the end I ran out of time and made it up to Carlisle, which is close enough to Scotland. I stayed longer in the Lake District, which I didnt plan to visit.'),(2,'Stage 2 - St. Malo - Santander','The west coast of France and the North coast of Spain. Completed this stage with my Dad, who caught the Ferry back to England from Santander'),(3,'Stage 3 - The Pyrenees and the French Mediteranian Coast','From Haydayes to err, the other coast. Stopping midway to do some trail running. Plan to do the famous peaks featured in the Tour de France, in both this and the next stage (the Alps)'),(4,'Stage 4 - The Alps','From Monton to Dunkirk, maybe. Weather is not ideal.'),(5,'Stage 5 - Rhone Alpes','I stayed / am staying in a Hotel for 2 weeks in Thonon-les-bains before spending a week or two on an Organic Farm in the region, and then ... Paris, where hopefully I have a job for at least 3 months in a web development agency');
/*!40000 ALTER TABLE `stage` ENABLE KEYS */;
UNLOCK TABLES;

--
-- Table structure for table `tag`
--

DROP TABLE IF EXISTS `tag`;
/*!40101 SET @saved_cs_client     = @@character_set_client */;
/*!40101 SET character_set_client = utf8 */;
CREATE TABLE `tag` (
  `id` bigint(20) NOT NULL AUTO_INCREMENT,
  `name` varchar(255) NOT NULL,
  PRIMARY KEY (`id`)
) ENGINE=InnoDB AUTO_INCREMENT=29 DEFAULT CHARSET=latin1;
/*!40101 SET character_set_client = @saved_cs_client */;

--
-- Dumping data for table `tag`
--

LOCK TABLES `tag` WRITE;
/*!40000 ALTER TABLE `tag` DISABLE KEYS */;
INSERT INTO `tag` VALUES (1,'col'),(2,'col sign'),(3,'me'),(4,'ski resort'),(5,'landscape'),(6,'ska fell'),(7,'wastwater'),(8,'andyland'),(9,'jaques goddett'),(10,'tourmalet'),(11,'aspin'),(12,'aubisque'),(13,'solour'),(14,'sweaty'),(15,'fabio'),(16,'hemingway'),(17,'sign'),(18,'montpellier'),(19,'marathon'),(20,'sete'),(21,'narbonne'),(22,'beziers'),(23,'hotel'),(24,'prades'),(25,'perpignan'),(26,'rugby'),(27,'nimes'),(28,'hello world');
/*!40000 ALTER TABLE `tag` ENABLE KEYS */;
UNLOCK TABLES;
/*!40103 SET TIME_ZONE=@OLD_TIME_ZONE */;

/*!40101 SET SQL_MODE=@OLD_SQL_MODE */;
/*!40014 SET FOREIGN_KEY_CHECKS=@OLD_FOREIGN_KEY_CHECKS */;
/*!40014 SET UNIQUE_CHECKS=@OLD_UNIQUE_CHECKS */;
/*!40101 SET CHARACTER_SET_CLIENT=@OLD_CHARACTER_SET_CLIENT */;
/*!40101 SET CHARACTER_SET_RESULTS=@OLD_CHARACTER_SET_RESULTS */;
/*!40101 SET COLLATION_CONNECTION=@OLD_COLLATION_CONNECTION */;
/*!40111 SET SQL_NOTES=@OLD_SQL_NOTES */;

-- Dump completed on 2011-08-14 15:26:16
